Price,Make,Model,Year,Mileage,Fuel Type,Body Type,Engine Size (Litres),Power
26950.0,KIA,Sportage,2019,96560.4,Diesel,SUV,1.6,115.0
12690.0,Volkswagen,Golf,2013,96560.4,Petrol,Hatchback,1.4,122.0
12250.0,Volkswagen,Golf,2013,125000.0,Petrol,Hatchback,1.2,85.0
12950.0,Volkswagen,Golf,2013,102000.0,Petrol,Estate,1.2,105.0
14995.0,Nissan,Qashqai,2016,159750.0,Diesel,Hatchback,1.5,110.0
5500.0,SEAT,Leon,2012,221000.0,Diesel,Hatchback,1.6,105.0
10950.0,Opel,Insignia,2016,167922.0,Diesel,Saloon,1.6,136.0
11995.0,Skoda,Fabia,2017,89298.0,Petrol,Hatchback,1.0,60.0
14850.0,Audi,A4,2014,177415.0,Diesel,Saloon,2.0,120.0
11999.0,Audi,A5,2011,154496.64,Diesel,Hatchback,2.0,143.0
14650.0,Volkswagen,Passat,2015,154300.0,Diesel,Saloon,1.6,120.0
11450.0,Volkswagen,Polo,2016,120701.0,Petrol,Hatchback,1.0,60.0
11000.0,Volkswagen,Polo,2013,105001.0,Petrol,Hatchback,1.2,60.0
27253.0,Dacia,Jogger,2022,0.0,Petrol,Crossover,1.0,110.0
22000.0,KIA,Ceed,2020,52303.55,Diesel,Estate,1.6,115.0
8950.0,Hyundai,Santa Fe,2013,318649.32,Diesel,SUV,2.2,197.0
17500.0,Nissan,Juke,2018,103001.0,Petrol,MPV,1.6,94.0
16500.0,BMW,3-Series,2013,136793.9,Diesel,Saloon,2.0,184.0
7995.0,Dacia,Sandero,2014,128925.8367,Diesel,Hatchback,1.5,90.0
11495.0,Peugeot,208,2016,86698.0,Petrol,Hatchback,1.2,82.0
18000.0,Ford,Fiesta,2018,25000.0,Petrol,Hatchback,1.1,70.0
27845.0,Renault,Kadjar,2020,31582.0,Diesel,SUV,1.5,115.0
15995.0,Audi,A6,2014,326696.02,Diesel,Saloon,2.0,190.0
14950.0,Audi,A5,2014,273587.8,Diesel,Coupe,2.0,177.0
9950.0,Nissan,Note,2014,69660.0,Petrol,Hatchback,1.2,98.0
17500.0,Volkswagen,Beetle,2016,87224.0,Petrol,Hatchback,1.2,105.0
8950.0,Subaru,Outback,2012,197948.82,Diesel,Estate,2.0,150.0
29800.0,BMW,4-Series,2015,89129.0,Diesel,Cabriolet,2.0,184.0
25950.0,SEAT,Arona,2020,16000.0,Petrol,SUV,1.0,115.0
10600.0,Ford,Fiesta,2014,67122.0,Petrol,Hatchback,1.2,60.0
9950.0,Nissan,Juke,2014,87000.0,Petrol,SUV,1.6,117.0
29440.0,Dacia,Jogger,2022,50.0,Petrol,Crossover,1.0,110.0
41950.0,Hyundai,Santa Fe,2019,60086.0,Diesel,SUV,2.2,200.0
15850.0,BMW,3-Series,2013,236572.98,Diesel,Saloon,2.0,184.0
26950.0,Volkswagen,Taigo,2022,15874.0,Petrol,SUV,1.0,95.0
26499.0,BMW,5-Series,2017,115399.0,Diesel,Saloon,2.0,190.0
23900.0,BMW,X3,2016,209397.0,Diesel,SUV,2.0,190.0
11900.0,Renault,Clio,2016,55200.0,Petrol,Hatchback,1.1,75.0
10950.0,Peugeot,2008,2016,94944.0,Petrol,SUV,1.2,82.0
14888.0,Toyota,Yaris,2015,104002.0,Hybrid,Hatchback,1.5,100.0
9500.0,Peugeot,RCZ,2012,123919.18,Diesel,Coupe,2.0,163.0
8495.0,Suzuki,Splash,2013,48000.0,Petrol,Hatchback,1.0,65.0
12000.0,Hyundai,ix35,2014,99779.08,Diesel,SUV,1.7,115.0
4900.0,Volkswagen,CC,2011,308993.28,Diesel,Coupe,2.0,140.0
21949.0,Audi,A6,2015,119621.0,Diesel,Saloon,2.0,190.0
15950.0,Volkswagen,Tiguan,2014,128747.2,Diesel,SUV,2.0,110.0
30203.0,Dacia,Duster,2022,0.0,Diesel,SUV,1.5,115.0
6730.0,Nissan,X-Trail,2012,326213.218,Diesel,SUV,2.0,150.0
13450.0,Volkswagen,Golf,2016,225307.6,Diesel,Hatchback,1.6,110.0
4950.0,Renault,Megane,2013,233000.0,Diesel,Hatchback,1.5,110.0
23950.0,Suzuki,Vitara,2021,19000.0,Petrol,SUV,1.4,129.0
18000.0,Renault,Clio,2020,37000.0,Petrol,Hatchback,1.0,100.0
19800.0,Renault,Clio,2021,26529.0,Petrol,Hatchback,1.0,100.0
6700.0,Hyundai,i40,2013,209.2142,Diesel,Saloon,1.7,116.0
19050.0,Jaguar,XF,2016,156305.5382,Diesel,Saloon,2.0,180.0
14950.0,BMW,3-Series,2016,160934.0,Diesel,Saloon,2.0,150.0
4950.0,Opel,Astra,2013,236572.98,Petrol,Saloon,1.4,100.0
9950.0,Audi,A3,2011,98000.0,Petrol,Hatchback,1.4,125.0
31700.0,KIA,Sportage,2020,43439.0,Diesel,SUV,1.6,115.0
11500.0,Dacia,Duster,2016,125000.0,Diesel,SUV,1.5,110.0
5950.0,Toyota,Passo,2013,90000.0,Petrol,Hatchback,1.0,87.0
15949.0,Skoda,Superb,2016,201502.0,Diesel,Estate,1.6,120.0
26950.0,Mercedes,A-Class,2018,80450.0,Diesel,Hatchback,1.5,109.0
5995.0,SEAT,Ibiza,2011,250290.0,Diesel,MPV,1.2,75.0
15950.0,Volvo,V40,2016,81000.0,Diesel,Hatchback,2.0,120.0
24800.0,Mitsubishi,Outlander,2017,128583.0,Hybrid,Estate,2.0,203.0
8995.0,Peugeot,Expert,2012,172559.8722,Diesel,MPV,2.0,120.0
8950.0,BMW,1-Series,2013,130000.0,Diesel,Hatchback,2.0,116.0
1.0,Volkswagen,Tiguan,2019,64465.0,Diesel,MPV,2.0,150.0
11000.0,Volkswagen,Polo,2017,79000.0,Petrol,Hatchback,1.0,60.0
8600.0,KIA,RIO,2014,102997.76,Petrol,Hatchback,1.2,84.0
26900.0,KIA,Sportage,2018,59213.0,Diesel,SUV,1.7,141.0
18495.0,Volkswagen,Polo,2020,27670.0,Petrol,Hatchback,1.0,80.0
20995.0,Suzuki,Vitara,2021,29500.0,Petrol,SUV,1.4,129.0
11950.0,Nissan,Qashqai,2015,108000.0,Diesel,Hatchback,1.5,110.0
15000.0,BMW,5-Series,2013,210000.0,Diesel,Estate,2.0,177.0
25995.0,Nissan,Qashqai,2019,90578.0,Diesel,MPV,1.5,110.0
8555.0,Audi,A4,2011,281681.0,Diesel,Saloon,2.0,136.0
15995.0,Volkswagen,Polo,2018,47703.0,Petrol,Hatchback,1.0,65.0
13800.0,Hyundai,i30,2018,199170.0,Diesel,Hatchback,1.6,110.0
8600.0,Audi,A4,2011,229759.0,Diesel,Saloon,2.0,143.0
44995.0,BMW,X3,2018,59955.0,Diesel,SUV,2.0,190.0
28750.0,Audi,A6,2016,93341.72,Diesel,Saloon,2.0,190.0
46950.0,Volkswagen,Tiguan Allspace,2021,45061.52,Diesel,SUV,2.0,150.0
6500.0,Volkswagen,Golf,2011,298000.0,Diesel,Hatchback,1.6,105.0
23950.0,Volkswagen,T-Roc,2018,76500.0,Diesel,SUV,1.6,115.0
22495.0,Dacia,Duster,2020,12079.0,Petrol,SUV,1.0,100.0
2600.0,Renault,Fluence,2011,270000.0,Diesel,Saloon,1.5,110.0
22800.0,BMW,4-Series,2017,149668.62,Diesel,Coupe,2.0,190.0
23495.0,Nissan,Qashqai,2018,36624.0,Petrol,Crossover,1.2,115.0
36950.0,Mercedes,GLC-Class,2017,46901.0,Diesel,SUV,2.1,170.0
21950.0,Renault,Kadjar,2018,81093.0,Diesel,SUV,1.5,110.0
21500.0,SEAT,Leon,2017,122000.0,Diesel,Estate,2.0,150.0
14950.0,Volkswagen,Golf,2015,216256.0,Diesel,Hatchback,1.6,110.0
6450.0,Volkswagen,Passat,2011,252666.38,Diesel,Saloon,2.0,140.0
10950.0,Volkswagen,Golf,2013,195225.8167,Diesel,Hatchback,1.6,105.0
9990.0,Opel,Astra,2016,167585.0,Diesel,Hatchback,1.6,110.0
6490.0,Nissan,Qashqai,2012,197580.0,Diesel,Hatchback,1.5,106.0
10990.0,Renault,Megane,2016,77095.0,Diesel,Hatchback,1.5,95.0
4990.0,Ford,Focus,2011,212059.5131,Diesel,Hatchback,1.6,109.0
16995.0,Renault,Clio,2019,38000.0,Petrol,Hatchback,0.9,90.0
35168.0,Renault,Captur,2022,0.0,Petrol,Crossover,1.0,90.0
6000.0,Volkswagen,Jetta,2011,239000.0,Diesel,Saloon,1.6,105.0
23950.0,Skoda,Octavia,2019,58000.0,Diesel,Saloon,1.6,115.0
27950.0,SEAT,Arona,2021,9644.0,Petrol,SUV,1.0,110.0
25450.0,Volkswagen,Polo,2022,100.0,Petrol,Hatchback,1.0,95.0
25945.0,Nissan,Qashqai,2019,72436.0,Petrol,MPV,1.3,160.0
7750.0,BMW,1-Series,2012,257494.4,Diesel,Hatchback,2.0,184.0
12450.0,Ford,Focus,2014,169920.0,Diesel,Hatchback,1.6,95.0
29500.0,Mercedes,GLA-Class,2018,48243.0,Diesel,SUV,1.5,109.0
46500.0,BMW,5-Series,2020,30000.0,Diesel,Saloon,2.0,184.0
1234.0,Skoda,Octavia,2015,241401.0,Diesel,Hatchback,1.6,105.0
34995.0,Volkswagen,Tiguan,2019,46591.0,Diesel,SUV,2.0,150.0
4450.0,Opel,Astra,2012,169430.0,Diesel,MPV,1.2,95.0
27495.0,Nissan,Qashqai,2019,51210.0,Diesel,Crossover,1.5,110.0
12995.0,Audi,A4,2014,165000.0,Diesel,Estate,2.0,150.0
26950.0,Mercedes,B-Class,2018,64300.0,Diesel,MPV,1.5,90.0
8950.0,Volkswagen,Touran,2013,209214.2,Diesel,MPV,1.6,105.0
45900.0,Ford,Kuga,2022,5.0,Hybrid,Crossover,2.5,190.0
8950.0,Opel,Insignia,2016,152887.3,Diesel,Saloon,1.6,136.0
34995.0,Nissan,X-Trail,2019,72000.0,Diesel,SUV,1.6,130.0
13995.0,Hyundai,i10,2021,41389.0,Petrol,Hatchback,1.0,67.0
29950.0,Ford,Mondeo,2018,47884.0,Diesel,Hatchback,2.0,150.0
14750.0,Volkswagen,Golf,2016,222088.92,Diesel,Hatchback,1.6,110.0
29800.0,Volkswagen,Golf,2018,79854.0,Diesel,Hatchback,2.0,184.0
23495.0,Opel,Grandland X,2018,71797.0,Petrol,MPV,1.2,130.0
16950.0,Toyota,Yaris,2016,96419.0,Hybrid,Hatchback,1.5,100.0
9950.0,Toyota,Aqua,2016,115872.48,Hybrid,Hatchback,1.5,112.0
9301.5,Mercedes,E-Class,2012,140633.7852,Diesel,Saloon,2.1,136.0
7250.0,Hyundai,Veloster,2012,116000.0,Petrol,Hatchback,1.6,140.0
34950.0,Volkswagen,Arteon,2019,82500.0,Diesel,Hatchback,2.0,150.0
8500.0,Ford,Focus,2013,106.0,Petrol,Hatchback,1.0,100.0
12500.0,BMW,1-Series,2015,241401.0,Diesel,Hatchback,1.5,116.0
11499.0,Volkswagen,Polo,2015,149668.62,Petrol,Hatchback,1.2,90.0
34950.0,BMW,5-Series,2018,104607.1,Diesel,Saloon,2.0,190.0
17900.0,Ford,Fiesta,2019,55919.0,Petrol,Hatchback,1.1,85.0
9750.0,Volkswagen,Polo,2015,209214.2,Diesel,Hatchback,1.4,75.0
21995.0,Renault,Kadjar,2018,88465.0,Diesel,SUV,1.5,110.0
8000.0,BMW,5-Series,2011,227552.0,Diesel,Saloon,2.0,184.0
29950.0,BMW,5-Series,2016,104607.1,Diesel,Saloon,2.0,190.0
7500.0,Volkswagen,Golf,2011,312750.0,Diesel,Hatchback,2.0,140.0
10400.0,Volkswagen,Golf,2014,159324.66,Diesel,Hatchback,1.6,105.0
22000.0,Volkswagen,Passat,2017,207000.0,Diesel,Saloon,2.0,150.0
19995.0,Nissan,X-Trail,2017,185000.0,Diesel,SUV,1.6,130.0
9999.0,Volkswagen,Jetta,2014,163000.0,Diesel,Saloon,1.6,105.0
44900.0,Mercedes,E-Class,2019,70160.0,Diesel,Estate,2.0,194.0
21950.0,Mercedes,C-Class,2016,91165.0,Diesel,Saloon,1.6,116.0
5800.0,Hyundai,i40,2011,204386.18,Diesel,Estate,1.7,136.0
24900.0,Land Rover,Range Rover Evoque,2014,94357.0,Diesel,Estate,2.2,150.0
15200.0,Ford,Fiesta,2018,65211.0,Petrol,Hatchback,1.1,70.0
11500.0,Volkswagen,Polo,2013,144840.6,Petrol,Hatchback,1.2,60.0
12950.0,Volkswagen,Golf,2013,114263.14,Petrol,Hatchback,1.2,85.0
11750.0,Volkswagen,Touran,2012,160934.0,Petrol,MPV,1.4,90.0
13750.0,Volvo,V40,2013,125528.52,Petrol,Hatchback,1.6,150.0
9950.0,Volkswagen,Golf,2011,160934.0,Petrol,Hatchback,1.4,122.0
11250.0,Volkswagen,Touran,2011,128747.2,Petrol,MPV,1.4,90.0
13950.0,Volkswagen,Golf,2013,75638.98,Petrol,Hatchback,1.4,122.0
17950.0,Ford,Focus,2019,130356.54,Diesel,Estate,1.5,120.0
10950.0,Volkswagen,Golf,2012,80467.0,Petrol,Hatchback,1.2,85.0
11250.0,Volkswagen,Polo,2014,96560.4,Petrol,Hatchback,1.2,60.0
10500.0,Skoda,Octavia,2014,225307.6,Diesel,Saloon,1.6,105.0
13750.0,Volvo,V40,2013,112653.8,Petrol,Hatchback,1.6,150.0
29950.0,Volkswagen,T-Roc,2020,119551.0,Diesel,SUV,2.0,150.0
11500.0,Volkswagen,Golf,2013,80467.0,Petrol,Estate,1.2,85.0
35500.0,Ford,Kuga,2021,33796.14,Diesel,SUV,1.5,120.0
9995.0,Peugeot,208,2015,64000.0,Petrol,Hatchback,1.0,68.0
4950.0,SEAT,Leon,2011,210823.54,Diesel,Hatchback,1.6,105.0
5995.0,Honda,CR-V,2012,271.97846,Diesel,SUV,2.2,150.0
28995.0,Land Rover,Range Rover Evoque,2015,95207.0,Diesel,Estate,2.2,150.0
21495.0,Opel,Grandland X,2018,52489.0,Petrol,MPV,1.2,130.0
8500.0,Volvo,V40,2013,192000.0,Diesel,Hatchback,1.6,115.0
26900.0,Ford,Kuga,2019,41000.0,Diesel,SUV,1.5,120.0
7750.0,BMW,5-Series,2011,354054.8,Diesel,Saloon,2.0,184.0
17000.0,Ford,Fiesta,2020,96000.0,Petrol,Hatchback,1.0,95.0
43449.0,Toyota,Camry,2021,22950.0,Hybrid,Saloon,2.5,218.0
10950.0,Mercedes,E-Class,2011,145003.0,Diesel,Saloon,2.1,136.0
22949.0,Toyota,Prius,2016,44950.0,Hybrid,Saloon,1.8,136.0
42949.0,Lexus,NX,2019,109850.0,Hybrid,Estate,2.5,197.0
20949.0,Ford,Fiesta,2019,9950.0,Petrol,Hatchback,1.0,100.0
19449.0,SEAT,Ibiza,2019,36950.0,Petrol,Hatchback,1.0,95.0
44637.0,Toyota,Landcruiser,2022,3.0,Diesel,SUV,2.8,177.0
46045.0,Toyota,Landcruiser,2022,0.0,Diesel,SUV,2.8,177.0
23449.0,Toyota,Yaris,2022,6.0,Petrol,Hatchback,1.0,72.0
21949.0,Toyota,Corolla,2019,39950.0,Petrol,Saloon,1.6,132.0
18449.0,Toyota,Auris,2017,43950.0,Petrol,Hatchback,1.2,116.0
19949.0,Toyota,Avensis,2016,64950.0,Petrol,Saloon,1.8,147.0
22449.0,Mitsubishi,Eclipse Cross,2019,51950.0,Petrol,Estate,1.5,163.0
27449.0,Nissan,Qashqai,2020,49950.0,Petrol,MPV,1.3,160.0
16249.0,Hyundai,i10,2021,7950.0,Petrol,Hatchback,1.0,67.0
22949.0,Toyota,C-HR,2017,44950.0,Petrol,SUV,1.2,116.0
40949.0,Lexus,NX,2018,109950.0,Hybrid,SUV,2.5,197.0
16949.0,Toyota,Corolla,2016,74950.0,Diesel,Saloon,1.4,90.0
28749.0,Toyota,RAV4,2018,89950.0,Hybrid,SUV,2.5,197.0
16949.0,Peugeot,2008,2018,56950.0,Petrol,SUV,1.2,82.0
25449.0,SEAT,Arona,2020,21950.0,Petrol,SUV,1.0,115.0
18949.0,Toyota,Auris,2017,19950.0,Petrol,Hatchback,1.2,116.0
13949.0,Toyota,Aygo,2019,27000.0,Petrol,Hatchback,1.0,72.0
18949.0,Toyota,Yaris,2020,5950.0,Petrol,Hatchback,1.0,72.0
32500.0,Volkswagen,T-Roc,2021,37290.0,Petrol,SUV,1.5,150.0
33450.0,BMW,5-Series,2017,157000.0,Diesel,Saloon,2.0,190.0
7990.0,Nissan,Micra,2016,82152.0,Petrol,Hatchback,1.2,80.0
25995.0,Volkswagen,Passat,2018,49450.0,Petrol,Saloon,1.4,125.0
29500.0,Lexus,NX,2016,70000.0,Hybrid,SUV,2.5,197.0
24000.0,Hyundai,Tucson,2018,79581.863,Diesel,SUV,1.7,115.0
11500.0,Hyundai,i10,2019,59240.0,Petrol,Hatchback,1.0,66.0
5300.0,Opel,Astra,2011,291000.0,Diesel,Hatchback,1.2,95.0
5700.0,Peugeot,308,2011,201111.0,Diesel,Hatchback,1.6,92.0
35000.0,Volkswagen,Arteon,2019,74000.0,Diesel,Hatchback,2.0,190.0
32950.0,Hyundai,Tucson,2019,68000.0,Diesel,SUV,1.6,115.0
25950.0,Toyota,Corolla,2020,42799.0,Hybrid,Saloon,1.8,122.0
9250.0,Opel,Astra,2014,78600.0,Diesel,Hatchback,1.2,95.0
8900.0,Dacia,Sandero,2015,91000.0,Petrol,Hatchback,1.1,75.0
7900.0,Renault,Fluence,2012,192413.0,Diesel,Saloon,1.5,90.0
29995.0,Mazda,CX-5,2019,43000.0,Diesel,SUV,2.2,150.0
10900.0,Opel,Adam,2015,112000.0,Petrol,Hatchback,1.4,100.0
21995.0,Audi,A4,2017,136793.9,Diesel,Saloon,2.0,150.0
8750.0,Mazda,2,2014,105000.0,Petrol,Hatchback,1.3,63.0
23495.0,BMW,4-Series,2016,165762.02,Diesel,Coupe,2.0,190.0
11495.0,Toyota,Yaris,2017,92000.0,Petrol,Hatchback,1.0,68.0
4500.0,Ford,Focus,2011,231744.96,Diesel,Hatchback,1.6,109.0
28500.0,Lexus,NX,2015,74000.0,Hybrid,SUV,2.5,197.0
23500.0,BMW,4-Series,2016,149669.0,Diesel,Saloon,2.0,190.0
12950.0,Nissan,Micra,2019,29000.0,Petrol,Hatchback,1.2,80.0
6700.0,Volkswagen,Golf,2011,241401.0,Diesel,Hatchback,1.6,105.0
35500.0,BMW,5-Series,2018,93536.45014,Diesel,Saloon,2.0,190.0
25500.0,Ford,Kuga,2018,73521.0,Diesel,SUV,1.5,120.0
13995.0,Volkswagen,Polo,2015,119000.0,Petrol,Hatchback,1.2,90.0
23450.0,Nissan,Qashqai,2019,46085.0,Petrol,SUV,1.3,160.0
8750.0,Ford,C-MAX,2014,157715.32,Diesel,MPV,1.6,95.0
14500.0,BMW,1-Series,2013,137000.0,Petrol,Hatchback,1.6,136.0
42950.0,BMW,5-Series,2019,110239.79,Diesel,Saloon,2.0,190.0
39946.0,Mercedes,E-Class,2017,57400.0,Diesel,Coupe,2.0,194.0
22750.0,KIA,Optima,2019,112353.0,Diesel,Saloon,1.6,136.0
16990.0,Toyota,Vitz,2019,69700.5154,Petrol,Hatchback,1.0,68.0
18500.0,Nissan,Qashqai,2016,73000.0,Diesel,Hatchback,1.5,110.0
38950.0,Volkswagen,Tiguan,2021,19500.0,Diesel,SUV,2.0,150.0
18950.0,Mazda,6,2018,142320.3736,Diesel,Saloon,2.2,150.0
28900.0,Ford,Galaxy,2017,112000.0,Diesel,MPV,2.0,180.0
31000.0,Ford,Focus,2022,100.0,Petrol,Estate,1.0,125.0
9600.0,Nissan,Note,2017,79201.0,Petrol,MPV,1.2,80.0
16900.0,Ford,Kuga,2016,144800.0,Diesel,SUV,2.0,120.0
10950.0,KIA,ProCeed,2013,148059.28,Diesel,Hatchback,1.6,128.0
27995.0,Audi,A5,2017,132000.0,Diesel,Coupe,2.0,190.0
12945.0,Ford,Fiesta,2016,136237.0,Diesel,Hatchback,1.5,85.0
43950.0,Land Rover,Discovery Sport,2018,72000.0,Diesel,SUV,2.0,150.0
7950.0,Nissan,Qashqai,2013,210269.927,Diesel,Hatchback,1.5,110.0
18000.0,Ford,Fiesta,2019,22000.0,Petrol,Hatchback,1.1,85.0
12495.0,Volkswagen,Passat,2014,90886.0,Diesel,Saloon,1.6,105.0
11450.0,Ford,Focus,2015,212000.0,Diesel,Hatchback,1.6,95.0
15999.0,Skoda,Octavia,2017,150000.0,Diesel,Estate,1.6,115.0
14000.0,Ford,Fiesta,2017,55494.0,Petrol,Hatchback,1.2,60.0
34900.0,KIA,Sportage,2022,12000.0,Diesel,SUV,1.6,115.0
34950.0,Audi,A4,2019,38500.0,Diesel,Saloon,2.0,150.0
11900.0,Ford,Mondeo,2015,178000.0,Diesel,Hatchback,1.6,115.0
18000.0,Ford,Fiesta,2018,6000.0,Petrol,Hatchback,1.1,85.0
16900.0,KIA,Ceed,2016,57000.0,Diesel,Hatchback,1.6,136.0
19950.0,Hyundai,Tucson,2018,198000.0,Diesel,SUV,1.7,115.0
5900.0,Nissan,Juke,2012,225307.6,Diesel,SUV,1.5,110.0
14495.0,Dacia,Duster,2017,132000.0,Diesel,SUV,1.5,110.0
9000.0,Mazda,3,2015,192712.0,Diesel,Saloon,2.2,150.0
34950.0,Volkswagen,Tiguan,2019,72358.0,Diesel,SUV,2.0,115.0
25900.0,Volvo,XC60,2017,147622.0,Diesel,SUV,2.0,150.0
29995.0,Mazda,CX-5,2018,80228.0,Diesel,SUV,2.2,150.0
23750.0,Audi,A5,2014,151277.96,Diesel,Hatchback,2.0,177.0
10950.0,Hyundai,i30,2015,152533.2452,Diesel,Hatchback,1.6,110.0
25000.0,BMW,5-Series,2016,80000.0,Diesel,Saloon,2.0,190.0
16995.0,Audi,A3,2016,171000.0,Diesel,Saloon,1.6,110.0
9995.0,Honda,Jazz,2014,61813.14006,Petrol,Hatchback,1.3,99.0
4995.0,Opel,Meriva,2012,202000.0,Diesel,MPV,1.2,95.0
6995.0,Hyundai,i30,2012,231744.96,Diesel,Hatchback,1.6,90.0
12495.0,Audi,A4,2014,245000.0,Diesel,Saloon,2.0,120.0
7995.0,Hyundai,ix35,2012,225000.0,Diesel,SUV,1.7,115.0
12900.0,Toyota,Vitz,2017,119091.16,Petrol,Hatchback,1.5,111.0
12900.0,Toyota,Vitz,2017,119091.16,Petrol,Hatchback,1.5,111.0
6450.0,Mitsubishi,Lancer,2013,207604.86,Diesel,Saloon,1.8,150.0
14500.0,BMW,3-Series,2015,153336.0,Diesel,Saloon,2.0,116.0
8900.0,Mazda,Demio,2014,77248.32,Petrol,Hatchback,1.3,63.0
8900.0,Mazda,2,2014,77248.32,Petrol,Hatchback,1.3,63.0
17950.0,Mercedes,A-Class,2014,91732.38,Petrol,Hatchback,1.6,156.0
15500.0,Ford,Fiesta,2017,62000.0,Petrol,Hatchback,1.1,85.0
9400.0,Volkswagen,Polo,2013,64373.6,Petrol,Hatchback,1.2,60.0
6900.0,Nissan,Micra,2013,94951.06,Petrol,Hatchback,1.2,80.0
11950.0,Audi,A3,2012,159324.66,Diesel,Hatchback,2.0,170.0
25558.0,Renault,Clio,2022,0.0,Petrol,Hatchback,1.0,72.0
27900.0,KIA,Sportage,2021,32163.0,Hybrid,SUV,1.6,136.0
23950.0,Renault,Captur,2020,18000.0,Petrol,Hatchback,1.0,100.0
5500.0,Volkswagen,Passat,2012,313748.8797,Diesel,Saloon,1.6,105.0
13500.0,BMW,3-Series,2013,143657.7351,Diesel,Estate,2.0,116.0
17500.0,KIA,Sportage,2017,222000.0,Diesel,SUV,1.7,115.0
10500.0,Volkswagen,Golf,2013,160111.6273,Diesel,Hatchback,1.6,90.0
10500.0,Audi,A5,2011,207009.4042,Diesel,Hatchback,2.0,143.0
18900.0,Nissan,Qashqai,2018,90000.0,Diesel,Hatchback,1.5,110.0
26000.0,Ford,Kuga,2019,63000.0,Diesel,SUV,1.5,120.0
27000.0,Dacia,Jogger,2022,10.0,Petrol,MPV,1.0,110.0
12995.0,Audi,A1,2013,72420.3,Petrol,Hatchback,1.4,122.0
18975.0,Ford,Fiesta,2020,44725.0,Petrol,Hatchback,1.0,100.0
17495.0,Volkswagen,Polo,2019,35085.0,Petrol,Hatchback,1.0,65.0
9950.0,Renault,Megane,2016,75000.0,Diesel,Hatchback,1.5,95.0
19950.0,Volkswagen,Golf,2015,160934.0,Diesel,Estate,2.0,184.0
17500.0,Ford,Fiesta,2019,65000.0,Petrol,Hatchback,1.1,85.0
22950.0,Audi,A3,2016,80467.0,Diesel,Saloon,1.6,110.0
9900.0,SEAT,Leon,2015,241401.0,Diesel,Hatchback,1.6,105.0
4250.0,Renault,Scenic,2011,273587.8,Diesel,MPV,1.5,110.0
17950.0,Volvo,V40,2018,112653.8,Diesel,Hatchback,2.0,120.0
13950.0,Volvo,S60,2015,203275.7354,Diesel,Saloon,2.0,120.0
13499.0,Volkswagen,Golf,2014,150751.0,Diesel,Estate,1.6,105.0
9450.0,Ford,Focus,2013,96560.4,Petrol,Hatchback,1.0,100.0
11950.0,Volkswagen,Polo,2015,41842.84,Petrol,Hatchback,1.2,90.0
11950.0,Skoda,Fabia,2016,80000.0,Petrol,Hatchback,1.0,75.0
6500.0,Volkswagen,Polo,2012,180277.0,Petrol,Hatchback,1.2,60.0
7450.0,Honda,Insight,2011,53000.0,Hybrid,Hatchback,1.3,98.0
10950.0,Volkswagen,Golf,2011,195534.81,Petrol,Cabriolet,1.2,105.0
8950.0,Skoda,Octavia,2014,313821.3,Diesel,Saloon,1.6,105.0
16450.0,Toyota,Auris,2018,109435.12,Diesel,Hatchback,1.4,90.0
3950.0,Opel,Insignia,2011,321868.0,Diesel,Hatchback,2.0,160.0
7950.0,SEAT,Altea,2015,225307.6,Diesel,MPV,1.6,105.0
28945.0,Hyundai,i30,2022,16697.0,Diesel,Hatchback,1.6,110.0
23950.0,Nissan,Qashqai,2018,77543.0,Diesel,MPV,1.5,110.0
16950.0,Volvo,V40,2017,72000.0,Diesel,Hatchback,2.0,120.0
13950.0,Nissan,Pulsar,2015,40233.5,Petrol,Hatchback,1.2,115.0
3750.0,Renault,Fluence,2012,295000.0,Diesel,Saloon,1.5,90.0
9900.0,Mercedes,C-Class,2012,257494.4,Diesel,Saloon,2.1,170.0
5450.0,Opel,Insignia,2014,281634.5,Diesel,Saloon,2.0,140.0
47000.0,BMW,5-Series,2020,60000.0,Diesel,Saloon,2.0,184.0
6450.0,BMW,3-Series,2011,289681.2,Diesel,Saloon,2.0,143.0
8450.0,Toyota,Vitz,2013,94951.06,Petrol,Hatchback,1.3,99.0
6450.0,Ford,Focus,2012,281634.5,Diesel,Hatchback,1.6,95.0
12450.0,Audi,A3,2013,265541.1,Diesel,Hatchback,1.6,105.0
16990.0,Dacia,Sandero Stepway,2020,49966.0,Diesel,Crossover,1.5,95.0
8995.0,Peugeot,308,2014,101851.0,Diesel,Hatchback,1.6,92.0
17950.0,Mercedes,CLA-Class,2014,138258.0,Diesel,Saloon,1.8,136.0
15950.0,SEAT,Leon,2017,122240.6384,Diesel,Hatchback,1.6,90.0
34950.0,BMW,X5,2015,179852.0,Diesel,SUV,2.0,218.0
22950.0,Skoda,Superb,2019,149258.0,Diesel,Saloon,2.0,150.0
12950.0,Volkswagen,Golf,2014,194258.0,Diesel,Hatchback,2.0,150.0
35950.0,Mercedes,A-Class,2020,35000.0,Diesel,Saloon,1.5,116.0
20000.0,Ford,Fiesta,2019,32000.0,Petrol,Hatchback,1.0,100.0
7450.0,Opel,Zafira,2014,189902.12,Diesel,MPV,1.7,110.0
8450.0,Volkswagen,Passat,2012,230135.62,Diesel,Saloon,1.6,105.0
8450.0,Nissan,Qashqai+2,2012,164152.68,Diesel,Hatchback,1.5,110.0
5950.0,Alfa Romeo,Giulietta,2011,204386.18,Diesel,Hatchback,2.0,170.0
5250.0,Renault,Grand Scenic,2011,175418.06,Diesel,MPV,1.5,110.0
8999.0,Audi,A4,2012,267150.44,Diesel,Saloon,2.0,143.0
27950.0,Mercedes,CLA-Class,2018,42001.0,Petrol,Estate,1.6,122.0
11995.0,Volkswagen,Golf,2013,189902.12,Diesel,Hatchback,1.6,105.0
5750.0,Hyundai,i30,2011,180246.08,Diesel,Estate,1.6,90.0
9450.0,Opel,Insignia,2015,225307.6,Diesel,Hatchback,2.0,170.0
4950.0,SEAT,Altea,2011,207604.86,Diesel,MPV,1.6,105.0
13750.0,Opel,Insignia,2018,231744.96,Diesel,Estate,2.0,170.0
7950.0,Hyundai,ix35,2011,199558.16,Diesel,SUV,1.7,115.0
10950.0,Volvo,XC90,2011,263931.76,Diesel,Estate,2.4,200.0
26999.0,Audi,A4,2017,143954.0,Diesel,Estate,2.0,150.0
7450.0,Toyota,Yaris,2012,188292.78,Diesel,Hatchback,1.4,90.0
6999.0,Skoda,Superb,2012,271978.46,Diesel,Hatchback,1.6,105.0
6950.0,Fiat,500,2011,104607.1,Petrol,Hatchback,1.2,69.0
7995.0,Fiat,500,2013,56000.0,Petrol,Hatchback,0.9,85.0
7450.0,Nissan,Qashqai,2012,196339.48,Diesel,Hatchback,1.5,110.0
6995.0,Renault,Fluence,2011,133000.0,Diesel,Saloon,1.5,110.0
5450.0,Opel,Insignia,2012,278415.82,Diesel,MPV,2.0,160.0
14995.0,Hyundai,i30,2016,103802.43,Diesel,Hatchback,1.6,110.0
7995.0,Honda,Insight,2012,156000.0,Hybrid,Hatchback,1.3,98.0
10995.0,Peugeot,508,2016,179000.0,Diesel,Saloon,1.6,120.0
17750.0,Mercedes,E-Class,2014,172199.38,Diesel,Saloon,2.1,170.0
4695.0,Toyota,Corolla,2011,245000.0,Diesel,Saloon,1.4,90.0
7450.0,Peugeot,508,2013,215651.56,Diesel,Saloon,2.0,140.0
17900.0,Ford,Kuga,2017,168000.0,Diesel,SUV,1.5,120.0
34950.0,Volkswagen,T-Roc,2020,21000.0,Petrol,SUV,1.5,150.0
10800.0,Volkswagen,Golf,2013,226000.0,Diesel,Estate,1.6,105.0
9950.0,Mercedes,C-Class,2011,203258.0,Diesel,Saloon,2.1,170.0
5950.0,Volkswagen,Golf,2011,292899.88,Diesel,Hatchback,1.6,90.0
15950.0,Volkswagen,Golf,2015,178000.0,Diesel,Hatchback,1.6,105.0
30500.0,Toyota,Corolla,2022,18000.0,Hybrid,Estate,1.8,122.0
10995.0,Toyota,Auris,2013,96000.0,Diesel,Hatchback,1.4,90.0
8350.0,Audi,A1,2011,219000.0,Petrol,Hatchback,1.2,86.0
31173.0,Renault,Clio,2022,0.0,Petrol,Hatchback,1.0,100.0
15350.0,Volkswagen,Golf,2016,218736.6648,Diesel,Hatchback,1.6,105.0
25950.0,Renault,Kadjar,2019,33419.0,Diesel,SUV,1.5,110.0
16900.0,Ford,Focus,2017,101302.0,Diesel,Hatchback,1.5,95.0
23950.0,Volkswagen,T-CROSS,2019,37442.0,Petrol,Estate,1.0,95.0
27450.0,Peugeot,3008,2018,44000.0,Petrol,MPV,1.2,130.0
43950.0,Volkswagen,Sharan,2020,40000.0,Diesel,MPV,2.0,150.0
25995.0,Nissan,Qashqai,2018,87161.0,Diesel,MPV,1.5,110.0
31950.0,Skoda,Superb,2018,38000.0,Diesel,Saloon,2.0,150.0
20950.0,Volkswagen,Polo,2021,16000.0,Petrol,Hatchback,1.0,80.0
10900.0,Toyota,Prius,2017,131965.88,Hybrid,Hatchback,1.5,112.0
28500.0,KIA,Sorento,2016,88250.0,Diesel,SUV,2.2,200.0
5250.0,Volkswagen,Golf,2011,289681.2,Diesel,Hatchback,2.0,140.0
34995.0,Renault,Arkana,2022,8500.0,Petrol,Hatchback,1.6,145.0
12750.0,Peugeot,308,2017,92546.0,Diesel,Hatchback,1.6,100.0
24950.0,Hyundai,Tucson,2018,114262.0,Diesel,MPV,1.7,115.0
35950.0,Mercedes,C-Class,2019,108680.0,Diesel,Saloon,1.6,122.0
13950.0,Hyundai,ix35,2015,189902.0,Diesel,SUV,1.7,115.0
32950.0,BMW,4-Series,2018,117482.0,Diesel,Saloon,2.0,190.0
40950.0,Volvo,XC60,2017,53913.0,Diesel,SUV,2.0,190.0
35168.0,Renault,Captur,2022,0.0,Petrol,Crossover,1.0,90.0
10990.0,Volkswagen,Golf,2012,88513.7,Petrol,Hatchback,1.2,85.0
22750.0,Jeep,Compass,2018,77500.0,Petrol,SUV,2.4,170.0
22950.0,Hyundai,Kona,2019,8477.0,Petrol,Hatchback,1.0,120.0
11999.0,Volkswagen,Golf,2014,209214.2,Diesel,Hatchback,1.6,105.0
12999.0,KIA,Optima,2014,167371.36,Diesel,Saloon,1.7,134.0
18999.0,Hyundai,i30,2019,51000.0,Petrol,Hatchback,1.4,100.0
15999.0,Hyundai,ix35,2015,129000.0,Diesel,SUV,2.0,136.0
20999.0,Mercedes,A-Class,2017,150000.0,Diesel,Hatchback,1.5,109.0
18490.0,Dacia,Duster,2019,107345.0,Diesel,SUV,1.5,115.0
8999.0,Toyota,Auris,2012,110000.0,Petrol,Hatchback,1.3,101.0
7900.0,Volkswagen,Golf,2012,170000.0,Petrol,Estate,1.4,122.0
9999.0,Ford,Mondeo,2014,132000.0,Diesel,Hatchback,1.6,115.0
9999.0,Dacia,Sandero,2016,112000.0,Diesel,Hatchback,1.5,90.0
17999.0,Audi,A4,2015,83000.0,Diesel,Saloon,2.0,136.0
6999.0,Renault,Megane,2012,220000.0,Diesel,Estate,1.5,105.0
6999.0,Opel,Astra,2011,135000.0,Petrol,Hatchback,1.4,100.0
5999.0,Ford,Focus,2011,193120.8,Diesel,Hatchback,1.6,109.0
15999.0,Hyundai,i30,2017,140000.0,Diesel,Hatchback,1.6,110.0
7999.0,Dacia,Duster,2013,130000.0,Diesel,SUV,1.5,107.0
6999.0,Mitsubishi,Colt,2012,120000.0,Petrol,MPV,1.1,75.0
15999.0,SEAT,Leon,2017,97000.0,Diesel,Hatchback,1.6,90.0
13999.0,Peugeot,308,2017,128000.0,Diesel,Estate,1.6,100.0
5900.0,Renault,Fluence,2012,175005.0,Diesel,Saloon,1.5,90.0
10900.0,SEAT,Toledo,2015,129000.0,Diesel,Saloon,1.6,105.0
8500.0,Ford,Fiesta,2015,201100.0,Diesel,Hatchback,1.5,75.0
7900.0,Skoda,Citigo,2016,228000.0,Petrol,Hatchback,1.0,60.0
23950.0,Nissan,Qashqai,2018,77000.0,Diesel,Hatchback,1.5,110.0
14900.0,Renault,Megane,2017,151000.0,Diesel,Saloon,1.5,110.0
23950.0,Renault,Megane,2020,10719.0,Petrol,Hatchback,1.3,140.0
30900.0,BMW,5-Series,2018,121600.0,Diesel,Saloon,2.0,190.0
16900.0,Opel,Crossland X,2018,59500.0,Petrol,SUV,1.2,81.0
14900.0,SEAT,Ibiza,2018,75150.0,Petrol,Hatchback,1.0,95.0
12500.0,Renault,Clio,2017,65247.0,Petrol,Hatchback,1.1,75.0
8900.0,Peugeot,208,2015,67600.0,Petrol,Hatchback,1.0,68.0
7800.0,Opel,Zafira,2014,181000.0,Diesel,MPV,1.7,110.0
41950.0,Volkswagen,Tiguan,2020,57000.0,Diesel,SUV,2.0,150.0
10900.0,Toyota,Aqua,2017,131965.88,Hybrid,Hatchback,1.5,112.0
13900.0,Honda,Jazz,2017,119100.0,Petrol,Hatchback,1.3,102.0
16995.0,Renault,Captur,2018,81854.25108,Diesel,Hatchback,1.5,90.0
14450.0,KIA,Optima,2015,122000.0,Diesel,Saloon,1.7,134.0
8250.0,Ford,Focus,2013,179000.0,Diesel,Hatchback,1.6,95.0
12700.0,Opel,Astra,2016,114000.0,Diesel,Hatchback,1.6,110.0
25995.0,Audi,A6,2017,166000.0,Diesel,Saloon,2.0,150.0
5750.0,Opel,Astra,2013,210239.3496,Diesel,MPV,1.7,110.0
12500.0,BMW,5-Series,2012,162543.34,Diesel,Saloon,2.0,184.0
10950.0,Nissan,Qashqai,2014,199558.16,Diesel,Hatchback,1.5,110.0
18999.0,Volvo,XC60,2015,186683.44,Diesel,SUV,2.0,190.0
9450.0,Hyundai,i30,2014,196339.48,Diesel,Hatchback,1.6,110.0
8450.0,Renault,Megane,2015,195534.81,Diesel,Estate,1.5,110.0
14999.0,Renault,Megane,2018,154496.64,Diesel,Hatchback,1.5,110.0
28950.0,Opel,Grandland X,2020,56000.0,Diesel,SUV,1.5,130.0
17500.0,Skoda,Octavia,2017,135000.0,Diesel,Hatchback,2.0,150.0
14650.0,Volkswagen,Passat,2015,154300.0,Diesel,Saloon,1.6,120.0
11950.0,Volkswagen,Jetta,2016,263931.76,Diesel,Saloon,2.0,110.0
39995.0,Volvo,XC40,2018,75000.0,Diesel,Estate,2.0,150.0
25290.0,Dacia,Jogger,2022,0.0,Petrol,Crossover,1.0,110.0
31995.0,Volkswagen,Tiguan,2018,87535.0,Diesel,SUV,2.0,150.0
21900.0,Ford,Grand C-MAX,2017,99800.0,Diesel,MPV,2.0,150.0
7650.0,SEAT,Ibiza,2013,219276.0,Diesel,Estate,1.2,75.0
26000.0,Volkswagen,Tiguan,2017,126985.0,Diesel,SUV,2.0,115.0
23950.0,Opel,Grandland X,2019,56149.0,Petrol,MPV,1.2,130.0
8950.0,Nissan,Juke,2012,140000.0,Petrol,SUV,1.6,117.0
14999.0,SEAT,Alhambra,2014,224000.0,Diesel,MPV,2.0,115.0
26999.0,Skoda,Superb,2018,135000.0,Diesel,Saloon,2.0,150.0
22950.0,Mercedes,C-Class,2015,125000.0,Petrol,Saloon,2.0,184.0
7950.0,Opel,Mokka,2013,114000.0,Diesel,SUV,1.7,130.0
8950.0,Dacia,Sandero Stepway,2015,64000.0,Diesel,Hatchback,1.5,90.0
7950.0,Nissan,Qashqai,2012,181855.42,Petrol,Hatchback,1.6,115.0
10900.0,Toyota,Yaris,2013,105000.0,Hybrid,Hatchback,1.5,100.0
7400.0,Volkswagen,Jetta,2012,196339.48,Diesel,Saloon,1.6,105.0
34500.0,Audi,A6,2019,206494.0,Diesel,Estate,2.0,204.0
13500.0,Toyota,Corolla,2015,109791.0,Diesel,Saloon,1.4,90.0
11500.0,Hyundai,i30,2013,170868.4558,Diesel,Hatchback,1.6,110.0
19000.0,Toyota,Prius,2017,124255.0,Hybrid,Hatchback,1.8,122.0
11950.0,KIA,Carens,2014,201909.4057,Diesel,MPV,1.7,115.0
13999.0,Nissan,Qashqai+2,2014,129657.0,Diesel,MPV,1.6,130.0
10999.0,Hyundai,i30,2013,107042.0,Petrol,MPV,1.4,100.0
11999.0,Volkswagen,Polo,2013,100805.0,Petrol,Hatchback,1.2,105.0
14999.0,Toyota,Avensis,2017,167902.0,Diesel,Saloon,1.6,112.0
7500.0,Peugeot,208,2013,157715.32,Diesel,Hatchback,1.4,68.0
17999.0,Skoda,Octavia,2019,149800.0,Petrol,Saloon,1.0,115.0
5199.0,Citroen,C3,2012,124000.0,Petrol,Hatchback,1.4,75.0
17200.0,Ford,Focus,2019,177000.0,Diesel,Estate,1.5,120.0
14999.0,Ford,Focus,2015,87468.0,Diesel,Hatchback,1.6,95.0
24750.0,KIA,Sorento,2015,184910.0,Diesel,SUV,2.2,200.0
14499.0,Volkswagen,Polo,2016,96066.0,Petrol,Hatchback,1.2,90.0
7950.0,Nissan,Qashqai+2,2012,239226.0,Diesel,MPV,1.5,110.0
20999.0,Ford,Focus,2018,46235.0,Petrol,Hatchback,1.0,125.0
8500.0,Peugeot,508,2014,282894.0,Diesel,Estate,1.6,115.0
11750.0,Volkswagen,Golf,2014,262284.0,Diesel,Hatchback,1.6,105.0
20888.0,Renault,Captur,2019,62041.0,Diesel,Hatchback,1.5,90.0
22000.0,BMW,5-Series,2014,164000.0,Diesel,Saloon,2.0,184.0
28950.0,Opel,Crossland X,2022,1.0,Petrol,SUV,1.2,83.0
25000.0,Audi,TT,2016,108744.0,Diesel,Coupe,2.0,184.0
26450.0,Mercedes,A-Class,2018,76001.0,Petrol,Estate,1.6,102.0
6750.0,Nissan,Qashqai,2011,106532.0,Diesel,Hatchback,1.5,106.0
11950.0,Peugeot,2008,2015,103001.0,Diesel,Hatchback,1.6,92.0
13450.0,Renault,Clio,2018,94002.0,Diesel,Hatchback,1.5,90.0
5950.0,Opel,Insignia,2012,229787.0,Diesel,MPV,2.0,130.0
19450.0,Audi,A4,2015,123002.0,Diesel,Saloon,2.0,120.0
27950.0,Mercedes,E-Class,2016,133002.0,Diesel,Saloon,2.0,194.0
20950.0,Audi,A4,2016,103379.0,Diesel,Saloon,2.0,150.0
22295.0,Mazda,6,2017,122000.0,Diesel,Saloon,2.2,175.0
27450.0,BMW,X3,2016,111003.0,Diesel,Estate,2.0,150.0
24950.0,Volkswagen,T-Roc,2018,53000.0,Petrol,Estate,1.0,115.0
39950.0,Land Rover,Discovery Sport,2018,65001.0,Diesel,SUV,2.0,150.0
26950.0,Ford,Kuga,2019,105001.0,Diesel,Hatchback,1.5,120.0
15950.0,Opel,Insignia,2016,82001.0,Diesel,Hatchback,1.6,136.0
28950.0,Mercedes,E-Class,2016,102002.0,Diesel,Saloon,2.0,194.0
4950.0,Opel,Insignia,2011,214854.0,Diesel,Saloon,2.0,130.0
11950.0,Ford,Mondeo,2014,130002.0,Diesel,Hatchback,1.6,115.0
7950.0,Mazda,3,2012,193340.0,Diesel,Hatchback,1.6,115.0
8900.0,Mazda,2,2014,107825.78,Petrol,Hatchback,1.3,63.0
7950.0,Opel,Astra,2012,155857.0,Petrol,Hatchback,1.4,100.0
7950.0,Opel,Insignia,2013,237000.0,Diesel,MPV,2.0,130.0
6950.0,SEAT,Ibiza,2012,158122.0,Petrol,Hatchback,1.2,70.0
23995.0,Suzuki,Vitara,2020,19500.0,Petrol,SUV,1.0,111.0
2950.0,Renault,Fluence,2011,248.0,Diesel,Saloon,1.5,90.0
10250.0,Volkswagen,Passat,2015,285000.0,Diesel,Saloon,1.6,120.0
9490.0,Ford,Fiesta,2014,124044.7085,Petrol,Hatchback,1.2,60.0
8900.0,Mazda,Demio,2014,107825.78,Petrol,Hatchback,1.3,63.0
11450.0,Volkswagen,Polo,2015,116000.0,Petrol,Hatchback,1.0,60.0
12250.0,Nissan,Qashqai,2015,154000.0,Diesel,Hatchback,1.5,110.0
12950.0,Toyota,Auris,2016,264488.0,Diesel,Hatchback,1.4,90.0
12750.0,Citroen,C3,2017,72420.3,Petrol,Hatchback,1.2,82.0
20990.0,BMW,5-Series,2015,151176.5716,Diesel,Saloon,2.0,190.0
11999.0,Skoda,Superb,2015,305774.6,Diesel,Saloon,2.0,150.0
9995.0,Volkswagen,Polo,2013,136793.9,Petrol,Hatchback,1.2,60.0
28995.0,Nissan,X-Trail,2018,98680.0,Diesel,SUV,1.6,130.0
15950.0,Toyota,Corolla,2017,149500.0,Diesel,Saloon,1.4,90.0
43290.0,Land Rover,Range Rover Velar,2018,36266.4769,Diesel,SUV,2.0,180.0
14950.0,Nissan,Qashqai,2016,163956.3405,Diesel,SUV,1.5,110.0
15950.0,Ford,Mondeo,2018,174146.6814,Diesel,Hatchback,1.5,120.0
22450.0,BMW,X1,2017,158000.0,Diesel,SUV,2.0,150.0
19900.0,Volkswagen,Golf,2016,170003.0,Hybrid,Hatchback,1.4,204.0
47500.0,Audi,A6,2020,35380.0,Diesel,Saloon,2.0,204.0
18900.0,Citroen,Grand C4 Picasso,2016,96560.0,Diesel,MPV,1.6,112.0
18950.0,Renault,Grand Scenic,2018,181181.1065,Diesel,MPV,1.5,110.0
11950.0,Ford,Focus,2016,162945.675,Diesel,Hatchback,1.5,120.0
19900.0,Citroen,Grand C4 Picasso,2017,80467.0,Diesel,MPV,1.6,120.0
11950.0,Ford,Fiesta,2017,198351.155,Diesel,Hatchback,1.5,120.0
10950.0,Nissan,Note,2015,96002.0,Petrol,MPV,1.2,80.0
13950.0,Nissan,Qashqai,2017,179468.7688,Diesel,SUV,1.5,110.0
15950.0,Nissan,Qashqai,2018,192348.3168,Diesel,SUV,1.5,110.0
11500.0,Hyundai,i40,2016,166000.0,Diesel,Saloon,1.7,115.0
22900.0,Hyundai,Santa Fe,2016,160934.0,Diesel,Estate,2.0,197.0
31900.0,Volkswagen,Touran,2019,107002.0,Diesel,MPV,2.0,150.0
7895.0,Toyota,Yaris,2012,122000.0,Petrol,Hatchback,1.0,69.0
16900.0,Citroen,Grand C4 Picasso,2016,179004.0,Diesel,MPV,1.6,92.0
21000.0,Ford,Focus,2019,105000.0,Diesel,Hatchback,1.5,120.0
34900.0,Skoda,Kodiaq,2019,70001.0,Diesel,Estate,2.0,150.0
12999.0,Ford,Fiesta,2014,114880.0,Petrol,Hatchback,1.2,60.0
15900.0,Citroen,Grand C4 Picasso,2015,100001.0,Diesel,MPV,1.6,92.0
18900.0,Mitsubishi,Outlander,2014,160757.0,Diesel,Estate,2.0,150.0
6450.0,Audi,A5,2011,320258.66,Diesel,Coupe,2.0,170.0
30297.0,Hyundai,Tucson,2020,20917.0,Diesel,SUV,1.6,116.0
8990.0,Volkswagen,Up!,2013,62545.38976,Petrol,Hatchback,1.0,75.0
10900.0,Toyota,Verso,2013,159309.0,Diesel,MPV,2.0,126.0
35168.0,Dacia,Jogger,2022,0.0,Petrol,Crossover,1.0,110.0
42995.0,BMW,2-Series,2021,12558.0,Petrol,Coupe,1.5,140.0
9900.0,Toyota,Verso,2014,199005.0,Diesel,MPV,1.6,112.0
19000.0,BMW,5-Series,2014,277000.0,Diesel,Saloon,2.0,184.0
8750.0,SEAT,Ibiza,2014,83612.0,Diesel,MPV,1.2,75.0
9750.0,Nissan,Juke,2014,160000.0,Petrol,SUV,1.6,117.0
19900.0,KIA,Optima,2018,96560.0,Diesel,Estate,1.7,141.0
24995.0,Skoda,Karoq,2018,81000.0,Petrol,Estate,1.0,115.0
29495.0,Skoda,Karoq,2021,31583.2975,Diesel,SUV,2.0,115.0
16900.0,Ford,Galaxy,2014,144841.0,Diesel,MPV,2.0,140.0
39950.0,Volvo,V90,2019,55000.0,Diesel,Estate,2.0,150.0
15750.0,Hyundai,Tucson,2016,172000.0,Diesel,SUV,1.7,115.0
13950.0,Volvo,S60,2015,177000.0,Diesel,Saloon,2.0,181.0
11950.0,Hyundai,i30,2016,120000.0,Diesel,Hatchback,1.4,90.0
29320.0,Renault,Captur,2022,0.0,Petrol,Hatchback,1.0,100.0
22450.0,Hyundai,Kona,2019,25742.0,Petrol,MPV,1.0,120.0
8700.0,Ford,Focus,2013,195.0,Diesel,Hatchback,1.6,95.0
27950.0,Audi,Q2,2019,54256.0,Petrol,Estate,1.0,116.0
4950.0,Volkswagen,Passat,2011,262000.0,Diesel,Saloon,1.6,105.0
10450.0,Hyundai,i10,2018,120000.0,Petrol,Hatchback,1.0,65.0
10500.0,Renault,Megane,2016,160000.0,Diesel,Hatchback,1.5,95.0
16490.0,Nissan,Micra,2019,45616.0,Petrol,Hatchback,1.0,100.0
45900.0,Ford,Kuga,2022,5.0,Hybrid,Hatchback,2.5,190.0
17950.0,Mercedes,A-Class,2014,88788.89714,Diesel,Hatchback,1.5,90.0
11995.0,Renault,Scenic,2016,135000.0,Diesel,MPV,1.5,110.0
14495.0,Opel,Zafira Tourer,2015,63767.0,Diesel,MPV,2.0,101.0
14950.0,Citroen,C4 Picasso,2015,178000.0,Diesel,MPV,1.6,90.0
8950.0,Peugeot,508,2012,96560.4,Diesel,Saloon,1.6,112.0
10950.0,Opel,Insignia,2015,122000.0,Diesel,Saloon,2.0,170.0
10499.0,Toyota,Prius,2013,143000.0,Hybrid,Hatchback,1.8,136.0
14950.0,Citroen,C4,2017,102000.0,Diesel,Hatchback,1.6,92.0
9950.0,Toyota,Verso,2012,225000.0,Diesel,MPV,2.0,126.0
10900.0,Toyota,Corolla,2014,140012.58,Hybrid,Estate,1.5,110.0
21950.0,Nissan,X-Trail,2016,201167.5,Diesel,SUV,1.6,130.0
15500.0,Volkswagen,Golf,2016,212432.88,Diesel,Hatchback,1.6,105.0
29249.0,Dacia,Jogger,2022,0.0,Petrol,Crossover,1.0,110.0
4999.0,Ford,C-MAX,2011,283243.84,Diesel,MPV,1.6,95.0
14500.0,Toyota,RAV4,2014,160000.0,Diesel,SUV,2.0,124.0
23950.0,BMW,5-Series,2016,182000.0,Diesel,Saloon,2.0,190.0
14950.0,Volkswagen,Passat,2015,209214.2,Diesel,Saloon,1.6,120.0
42950.0,Volvo,XC90,2016,193120.8,Diesel,SUV,2.0,190.0
24950.0,Audi,A4,2018,156105.98,Diesel,Saloon,2.0,122.0
5950.0,Ford,Focus,2011,231744.96,Diesel,Hatchback,2.0,115.0
29000.0,Mercedes,E-Class,2017,68000.0,Diesel,Saloon,2.0,194.0
11500.0,Hyundai,i40,2012,148059.28,Diesel,Estate,1.7,136.0
12500.0,Toyota,Auris,2014,160000.0,Diesel,Hatchback,1.4,90.0
7450.0,Opel,Insignia,2014,188000.0,Diesel,Saloon,2.0,140.0
24950.0,Toyota,C-HR,2019,66787.61,Hybrid,Hatchback,1.8,122.0
10750.0,Mazda,6,2015,250000.0,Diesel,Saloon,2.2,150.0
16000.0,Mitsubishi,Outlander,2014,193120.8,Diesel,SUV,2.3,150.0
28900.0,Volkswagen,Arteon,2018,71501.0,Petrol,Hatchback,1.5,150.0
13795.0,Toyota,Corolla,2015,161500.0,Diesel,Saloon,1.4,90.0
8950.0,Opel,Insignia,2015,134700.0,Diesel,Saloon,2.0,170.0
6500.0,KIA,RIO,2013,289681.2,Petrol,Hatchback,1.4,89.0
29950.0,Mercedes,B-Class,2018,41000.0,Diesel,MPV,2.1,136.0
9500.0,Nissan,Qashqai,2013,223698.26,Diesel,Hatchback,1.5,110.0
24950.0,Peugeot,3008,2018,105000.0,Petrol,MPV,1.2,130.0
26250.0,Opel,Grandland X,2019,51000.0,Diesel,MPV,1.5,130.0
6500.0,Ford,Focus,2012,260000.0,Diesel,Hatchback,1.6,95.0
13950.0,Ford,Focus,2016,122000.0,Diesel,Hatchback,1.5,120.0
3000.0,Peugeot,508,2011,340000.0,Diesel,Saloon,1.6,112.0
16495.0,Nissan,Qashqai,2015,138371.0,Diesel,Hatchback,1.5,110.0
9500.0,Audi,A6,2011,205190.85,Diesel,Saloon,2.0,136.0
32995.0,Mercedes,CLS-Class,2016,59802.0,Diesel,Coupe,2.1,170.0
12000.0,BMW,5-Series,2013,252666.38,Diesel,Saloon,2.0,184.0
7600.0,Mazda,6,2013,172.0,Diesel,Saloon,2.2,150.0
16500.0,Ford,Focus,2017,151000.0,Diesel,Hatchback,1.5,120.0
13999.0,Hyundai,ix35,2015,136793.9,Diesel,SUV,1.7,115.0
12950.0,Volkswagen,Polo,2014,181050.75,Petrol,Hatchback,1.2,90.0
17495.0,Opel,Corsa,2020,26501.0,Petrol,Hatchback,1.2,75.0
16500.0,BMW,5-Series,2014,148000.0,Diesel,Saloon,2.0,184.0
17950.0,Nissan,X-Trail,2016,119895.83,Diesel,SUV,1.6,130.0
18995.0,Renault,Megane,2019,69000.0,Petrol,Saloon,1.3,140.0
13995.0,Volkswagen,Sharan,2013,233354.3,Diesel,MPV,2.0,115.0
3950.0,Ford,Mondeo,2011,306333.041,Diesel,Hatchback,2.0,140.0
29249.0,Dacia,Jogger,2022,0.0,Petrol,Crossover,1.0,110.0
17995.0,Volvo,S60,2017,149237.0,Diesel,Saloon,2.0,150.0
22700.0,Mercedes,C-Class,2015,233354.3,Diesel,Estate,2.1,170.0
7495.0,Volkswagen,Polo,2011,180000.0,Petrol,Hatchback,1.2,60.0
8450.0,Volkswagen,Golf,2011,193.1208,Diesel,Hatchback,1.6,105.0
13900.0,Nissan,Juke,2017,99458.0,Petrol,SUV,1.2,116.0
14945.0,Renault,Clio,2018,23000.0,Petrol,Hatchback,1.1,75.0
17000.0,Hyundai,i10,2022,7650.0,Petrol,Hatchback,1.0,67.0
23950.0,Land Rover,Range Rover Evoque,2014,118286.49,Diesel,SUV,2.2,150.0
12500.0,Volkswagen,Golf,2014,150000.0,Diesel,Hatchback,2.0,150.0
37950.0,Skoda,Superb,2020,39300.0,Diesel,Saloon,2.0,150.0
21999.0,Skoda,Superb,2016,112400.0,Diesel,Hatchback,2.0,150.0
20445.0,Renault,Clio,2022,10629.0,Petrol,Hatchback,1.0,90.0
12499.0,Volkswagen,Golf,2014,166999.6025,Petrol,Hatchback,1.4,140.0
26900.0,Nissan,Qashqai,2019,28162.0,Petrol,MPV,1.3,160.0
19900.0,Ford,C-MAX,2018,49000.0,Diesel,MPV,1.5,95.0
19960.0,Renault,Megane,2019,60000.0,Petrol,Hatchback,1.3,140.0
32995.0,Jaguar,F-Pace,2017,161634.0629,Diesel,SUV,2.0,180.0
8300.0,Mitsubishi,Space Star,2015,61000.0,Petrol,Hatchback,1.2,80.0
11500.0,Fiat,500,2016,28000.0,Petrol,Hatchback,1.2,69.0
47950.0,Audi,Q3,2021,22598.0,Diesel,SUV,2.0,150.0
38950.0,BMW,5-Series,2018,116940.0,Diesel,Saloon,2.0,184.0
22495.0,BMW,5-Series,2016,122000.0,Diesel,Saloon,2.0,150.0
15500.0,Volkswagen,Scirocco,2015,215973.428,Diesel,Coupe,2.0,150.0
17000.0,Nissan,Juke,2019,40000.0,Diesel,SUV,1.5,110.0
17990.0,Audi,A3,2015,88513.7,Petrol,Hatchback,1.4,125.0
12490.0,Volkswagen,Golf,2013,120700.5,Petrol,Hatchback,1.4,85.0
12500.0,Hyundai,ix35,2014,183112.0,Diesel,SUV,1.7,115.0
33950.0,Renault,Koleos,2019,48631.0,Diesel,SUV,2.0,190.0
14490.0,Volkswagen,Polo,2015,62764.26,Petrol,Hatchback,1.2,90.0
10790.0,Volkswagen,Polo,2013,78857.66,Petrol,Hatchback,1.2,60.0
17450.0,Skoda,Octavia,2017,95667.0,Diesel,Estate,1.6,110.0
14950.0,Volkswagen,Golf,2014,59213.0,Petrol,Hatchback,1.2,105.0
22750.0,Ford,Focus,2019,78857.66,Diesel,Hatchback,1.5,120.0
27000.0,Renault,Captur,2022,10.0,Petrol,Hatchback,1.0,90.0
15000.0,Volkswagen,Caddy,2017,89000.0,Diesel,MPV,2.0,102.0
10950.0,Opel,Insignia,2017,274000.0,Diesel,Saloon,1.6,136.0
20000.0,Volkswagen,Golf,2016,159324.66,Diesel,Hatchback,2.0,184.0
23000.0,Peugeot,Partner,2018,44256.85,Diesel,MPV,1.6,100.0
17888.0,Hyundai,ix20,2018,36548.0,Petrol,MPV,1.4,90.0
5500.0,Volkswagen,Up!,2012,118670.0,Petrol,Hatchback,1.0,75.0
9750.0,Lexus,IS,2012,162543.34,Diesel,Saloon,2.2,150.0
16500.0,Hyundai,Tucson,2015,128747.2,Diesel,SUV,1.7,115.0
38550.0,Volkswagen,Golf,2022,100.0,Petrol,Estate,1.5,130.0
31063.0,Renault,Captur,2022,0.0,Petrol,Crossover,1.0,90.0
19449.0,Renault,Kadjar,2018,69947.0,Diesel,SUV,1.5,110.0
27950.0,Volkswagen,Taigo,2022,9688.0,Petrol,SUV,1.0,95.0
15500.0,Opel,Zafira,2016,157453.0,Diesel,MPV,1.6,101.0
8500.0,Nissan,Juke,2011,120000.0,Petrol,SUV,1.6,117.0
9950.0,Hyundai,ix35,2012,124003.0,Diesel,SUV,2.0,184.0
14950.0,Nissan,Qashqai,2015,64000.0,Petrol,MPV,1.2,115.0
6950.0,Nissan,Qashqai,2012,201168.0,Diesel,MPV,1.6,130.0
10750.0,Toyota,Yaris,2016,170003.0,Petrol,Hatchback,1.0,69.0
47950.0,BMW,X3,2018,43000.0,Diesel,Estate,2.0,190.0
16995.0,Nissan,Qashqai,2015,137000.0,Diesel,Hatchback,1.5,110.0
8888.0,KIA,Ceed,2013,178637.0,Diesel,Hatchback,1.6,128.0
13950.0,SEAT,Leon,2014,171004.0,Diesel,Hatchback,2.0,150.0
19950.0,Mercedes,A-Class,2017,167003.0,Diesel,Hatchback,1.5,109.0
30750.0,Mercedes,E-Class,2017,45061.52,Diesel,Saloon,2.0,194.0
11950.0,Skoda,Octavia,2013,138788.0,Diesel,Hatchback,2.0,150.0
16500.0,Volkswagen,Golf,2017,133575.22,Diesel,Hatchback,1.6,115.0
10950.0,Toyota,Avensis,2016,269006.0,Diesel,Saloon,1.6,112.0
41950.0,Land Rover,Discovery,2017,177003.0,Diesel,Estate,2.0,180.0
13945.0,Skoda,Superb,2014,123431.55,Diesel,Saloon,1.6,105.0
13950.0,Audi,A3,2014,187004.0,Petrol,Hatchback,1.2,105.0
9950.0,Nissan,Pulsar,2015,95001.0,Petrol,Hatchback,1.2,115.0
9995.0,Ford,Focus,2013,190000.0,Diesel,Hatchback,1.6,95.0
31000.0,Audi,Q5,2016,101500.0,Diesel,SUV,2.0,190.0
9950.0,Volkswagen,Polo,2012,75329.0,Petrol,Hatchback,1.2,60.0
23950.0,SEAT,Ateca,2019,69750.0,Petrol,SUV,1.0,115.0
20450.0,Hyundai,Tucson,2016,72420.3,Diesel,SUV,1.7,115.0
35168.0,Renault,Captur,2022,0.0,Petrol,Crossover,1.0,90.0
29750.0,Peugeot,5008,2018,92800.0,Petrol,MPV,1.2,130.0
9150.0,Volkswagen,Polo,2012,137237.0,Petrol,Hatchback,1.2,105.0
8950.0,Volkswagen,Golf,2012,265541.1,Diesel,Hatchback,1.6,105.0
21490.0,Toyota,Prius,2018,89585.52044,Hybrid,Hatchback,1.8,122.0
11200.0,Nissan,Juke,2013,45061.52,Petrol,SUV,1.6,117.0
11990.0,KIA,Sportage,2014,240006.0,Diesel,MPV,1.7,115.0
7750.0,Audi,A3,2011,225307.6,Diesel,Hatchback,1.6,105.0
22995.0,Audi,Q5,2016,275000.0,Diesel,SUV,2.0,150.0
24995.0,Nissan,Qashqai,2018,85423.0,Petrol,Hatchback,1.2,115.0
47500.0,Skoda,Kodiaq,2020,50927.5643,Diesel,SUV,2.0,150.0
34400.0,Volkswagen,Golf,2022,100.0,Petrol,Estate,1.5,130.0
19995.0,Nissan,Micra,2021,3862.0,Petrol,Hatchback,1.0,100.0
30995.0,Nissan,Qashqai,2020,30607.0,Petrol,MPV,1.3,160.0
21490.0,Toyota,Prius,2018,104227.2958,Hybrid,Hatchback,1.8,122.0
7500.0,Volkswagen,Passat,2013,254275.72,Diesel,Estate,1.6,105.0
29499.0,Hyundai,Tucson,2017,36600.0,Diesel,SUV,1.7,115.0
15000.0,Volkswagen,Caddy,2017,89000.0,Diesel,MPV,2.0,102.0
8500.0,Toyota,Yaris,2015,128000.0,Petrol,Hatchback,1.0,69.0
20990.0,Renault,Clio,2021,11335.0,Petrol,Hatchback,1.0,100.0
35975.0,Volkswagen,Tiguan,2017,101780.0,Diesel,SUV,2.0,150.0
28950.0,Skoda,Octavia,2022,8000.0,Petrol,Saloon,1.0,110.0
35168.0,Renault,Captur,2022,0.0,Petrol,Crossover,1.0,90.0
34400.0,Volkswagen,Golf,2022,100.0,Petrol,Estate,1.5,130.0
9990.0,Volkswagen,Polo,2012,122002.0,Petrol,Hatchback,1.2,105.0
4500.0,Nissan,Qashqai,2011,240000.0,Diesel,Hatchback,1.5,106.0
24950.0,Volkswagen,Golf,2019,26319.0,Petrol,Hatchback,1.0,115.0
12950.0,Nissan,Note,2018,85600.0,Petrol,MPV,1.2,98.0
17450.0,Nissan,Micra,2019,8176.0,Petrol,Hatchback,1.0,100.0
29995.0,Peugeot,RIFTER,2020,30522.0,Diesel,MPV,1.5,100.0
10995.0,BMW,5-Series,2012,248000.0,Diesel,Saloon,2.0,184.0
16900.0,BMW,2-Series,2015,83000.0,Diesel,Jeep,2.0,150.0
13950.0,BMW,5-Series,2015,268759.78,Diesel,Saloon,2.0,150.0
20900.0,BMW,5-Series,2016,159324.66,Diesel,Saloon,2.0,190.0
24995.0,BMW,1-Series,2019,143231.26,Diesel,Hatchback,1.5,116.0
6995.0,Opel,Astra,2012,194000.0,Diesel,Hatchback,1.7,110.0
12900.0,Volvo,S60,2014,175418.06,Diesel,Saloon,2.0,181.0
14995.0,Volvo,S80,2014,131965.88,Diesel,Saloon,2.0,181.0
28900.0,Audi,A3,2018,68000.0,Diesel,Saloon,1.6,116.0
26900.0,Land Rover,Discovery Sport,2016,148000.0,Diesel,SUV,2.0,150.0
21700.0,Skoda,Superb,2016,109862.0,Diesel,Saloon,2.0,150.0
12900.0,Mercedes,C-Class,2013,279000.0,Diesel,Coupe,2.1,170.0
20900.0,BMW,5-Series,2015,219000.0,Diesel,Saloon,2.0,190.0
21995.0,Nissan,Qashqai,2016,118564.0,Diesel,Hatchback,1.6,130.0
33900.0,BMW,5-Series,2018,140000.0,Diesel,Saloon,2.0,190.0
19900.0,Toyota,Yaris,2019,56000.0,Hybrid,MPV,1.5,100.0
24900.0,BMW,5-Series,2017,255885.06,Diesel,Saloon,2.0,190.0
5995.0,Volvo,S40,2011,154000.0,Diesel,Saloon,1.6,115.0
32500.0,Mercedes,E-Class,2017,106136.0,Diesel,Saloon,2.0,194.0
8999.0,Renault,Grand Scenic,2013,172000.0,Diesel,MPV,1.5,110.0
18495.0,Audi,A3,2016,118180.0,Petrol,Hatchback,1.4,125.0
35500.0,Audi,A5,2018,55289.0,Diesel,Coupe,2.0,190.0
12900.0,Ford,Fiesta,2016,51400.0,Petrol,Hatchback,1.0,65.0
15999.0,Volkswagen,Polo,2018,43452.18,Petrol,Hatchback,1.0,65.0
35168.0,Renault,Captur,2022,0.0,Petrol,Crossover,1.0,90.0
28950.0,Volkswagen,T-Roc,2020,28001.0,Petrol,SUV,1.0,115.0
26495.0,Peugeot,208,2022,8000.0,Petrol,Hatchback,1.2,101.0
10900.0,Mercedes,A-Class,2013,267000.0,Diesel,Hatchback,1.5,90.0
9000.0,Audi,A4,2013,292899.88,Diesel,Saloon,2.0,120.0
29950.0,Audi,A1,2022,16538.0,Petrol,Hatchback,1.0,110.0
6950.0,Nissan,Qashqai,2012,188336.2322,Diesel,Hatchback,1.5,110.0
6000.0,Opel,Astra,2013,212000.0,Diesel,Hatchback,1.2,95.0
7650.0,Suzuki,Swift,2012,76000.0,Petrol,Hatchback,1.2,94.0
20950.0,Skoda,SCALA,2020,39500.0,Petrol,Hatchback,1.0,116.0
16500.0,Nissan,Qashqai,2015,149668.62,Diesel,Hatchback,1.5,110.0
30950.0,Hyundai,Tucson,2020,101596.0,Diesel,SUV,1.6,115.0
6899.0,Volkswagen,Up!,2012,88513.7,Petrol,Hatchback,1.0,75.0
9999.0,Volkswagen,Polo,2013,77248.32,Petrol,Hatchback,1.2,60.0
10299.0,Volkswagen,Polo,2013,62764.26,Petrol,Hatchback,1.2,60.0
10599.0,Audi,A1,2012,85295.02,Petrol,Hatchback,1.4,122.0
10299.0,Volkswagen,Polo,2013,96560.4,Petrol,Hatchback,1.2,60.0
20500.0,Hyundai,Tucson,2018,121600.0,Diesel,SUV,1.7,115.0
2950.0,Renault,Fluence,2011,202512.0,Diesel,Saloon,1.5,110.0
9499.0,Audi,A1,2011,80467.0,Petrol,Hatchback,1.4,122.0
42995.0,Volkswagen,Tiguan,2020,27001.0,Petrol,SUV,1.5,150.0
25995.0,Volkswagen,Golf,2019,16001.0,Petrol,Hatchback,1.0,115.0
19995.0,Volkswagen,Polo,2019,42001.0,Petrol,Hatchback,1.0,65.0
19995.0,Volkswagen,Polo,2019,55001.0,Petrol,Hatchback,1.0,65.0
26995.0,Volkswagen,Golf,2019,50001.0,Petrol,Hatchback,1.0,115.0
30995.0,Volkswagen,Passat,2019,51001.0,Diesel,Saloon,2.0,150.0
31495.0,Volkswagen,Tiguan,2019,41001.0,Diesel,SUV,2.0,115.0
12950.0,SEAT,Ibiza,2016,83383.0,Petrol,MPV,1.0,110.0
45995.0,Lexus,NX,2019,55732.0,Hybrid,SUV,2.5,197.0
30995.0,Volkswagen,Passat,2019,61001.0,Diesel,Saloon,2.0,150.0
15995.0,Volkswagen,Polo,2016,47174.0,Petrol,Hatchback,1.2,90.0
30995.0,Volkswagen,Golf,2020,10001.0,Petrol,Hatchback,1.5,130.0
30995.0,Volkswagen,Golf,2020,17001.0,Petrol,Hatchback,1.5,130.0
1234.0,Toyota,Corolla,2021,54848.0,Hybrid,Hatchback,1.8,122.0
26995.0,Volkswagen,Golf,2019,47001.0,Petrol,Hatchback,1.0,115.0
27995.0,Volkswagen,Golf,2019,36001.0,Petrol,Hatchback,1.0,115.0
24495.0,Volkswagen,Golf,2019,77000.0,Diesel,Hatchback,1.6,115.0
25995.0,Volkswagen,Golf,2019,75001.0,Diesel,Hatchback,1.6,115.0
17495.0,Volkswagen,Polo,2018,50001.0,Petrol,Hatchback,1.0,65.0
37995.0,Volkswagen,Tiguan,2019,77001.0,Diesel,SUV,2.0,150.0
38995.0,Volkswagen,Sharan,2018,91001.0,Diesel,MPV,2.0,150.0
16950.0,Hyundai,i30,2018,96400.0,Diesel,Hatchback,1.6,110.0
7250.0,Ford,Focus,2012,247000.0,Diesel,Saloon,1.6,95.0
42995.0,Volkswagen,Tiguan Allspace,2019,100001.0,Diesel,SUV,2.0,150.0
25900.0,Hyundai,Kona,2020,34499.0,Diesel,MPV,1.6,116.0
20495.0,Volkswagen,Golf,2017,76001.0,Petrol,Hatchback,1.2,110.0
19495.0,Volkswagen,Polo,2019,44001.0,Petrol,Hatchback,1.0,95.0
14350.0,Volkswagen,Polo,2016,116677.15,Petrol,Hatchback,1.0,60.0
23995.0,Volkswagen,Golf,2019,42501.0,Petrol,Hatchback,1.0,115.0
14950.0,Volkswagen,Passat,2016,217260.9,Diesel,Saloon,1.6,120.0
34995.0,Volkswagen,Passat,2020,60001.0,Diesel,Saloon,2.0,150.0
47990.0,Audi,A6,2019,62000.0,Diesel,Saloon,2.0,204.0
8950.0,Audi,A4,2013,263693.5777,Diesel,Estate,2.0,120.0
6950.0,Hyundai,ix35,2012,289443.0177,Diesel,SUV,1.7,115.0
9950.0,BMW,5-Series,2012,220246.2257,Diesel,Saloon,2.0,184.0
19950.0,Skoda,Octavia,2019,111647.9625,Diesel,Saloon,1.6,115.0
24900.0,Skoda,Octavia,2019,49437.31546,Diesel,Saloon,1.6,115.0
17350.0,Hyundai,Tucson,2016,196138.3125,Diesel,SUV,1.7,115.0
25950.0,Audi,A4,2018,162543.34,Diesel,Saloon,2.0,150.0
16500.0,Nissan,X-Trail,2016,188273.4679,Diesel,SUV,1.6,130.0
4950.0,Renault,Grand Scenic,2011,204147.9977,Diesel,MPV,1.5,110.0
8950.0,Hyundai,ix35,2012,194730.14,Diesel,SUV,1.7,115.0
7850.0,Mitsubishi,Lancer,2013,231744.96,Diesel,Saloon,1.8,150.0
29995.0,Volkswagen,Passat,2019,90001.0,Diesel,Saloon,1.6,120.0
13950.0,Skoda,Fabia,2018,102595.425,Petrol,Hatchback,1.0,110.0
25495.0,Volkswagen,Golf,2019,64501.0,Diesel,Hatchback,1.6,115.0
22950.0,Renault,Grand Scenic,2018,137839.971,Diesel,MPV,1.5,110.0
23995.0,Volkswagen,Golf,2018,46001.0,Petrol,Hatchback,1.0,110.0
18450.0,Ford,Focus,2018,61154.92,Diesel,Hatchback,1.5,95.0
42995.0,Volkswagen,Tiguan,2020,19001.0,Petrol,SUV,1.5,150.0
19450.0,SEAT,Ateca,2017,130758.875,Diesel,SUV,1.6,115.0
26450.0,Volkswagen,Golf,2021,21565.156,Diesel,Estate,1.6,115.0
13950.0,Nissan,Qashqai,2014,202776.84,Diesel,Hatchback,1.5,110.0
33950.0,Nissan,Qashqai,2022,7748.9721,Petrol,MPV,1.3,140.0
43995.0,Volkswagen,Tiguan,2020,48001.0,Diesel,SUV,2.0,150.0
23950.0,KIA,Sportage,2019,130356.54,Diesel,SUV,1.6,115.0
11550.0,Honda,Civic,2014,163000.0,Diesel,Hatchback,1.6,120.0
13950.0,Ford,Focus,2017,180246.08,Diesel,Hatchback,1.5,95.0
16950.0,Mazda,3,2019,139207.91,Diesel,Hatchback,1.5,105.0
23950.0,Mercedes,E-Class,2016,136793.9,Diesel,Saloon,2.1,136.0
35168.0,Renault,Captur,2022,0.0,Petrol,Crossover,1.0,90.0
25750.0,BMW,5-Series,2017,183062.425,Diesel,Saloon,2.0,190.0
8250.0,Volkswagen,Passat,2013,347617.44,Diesel,Saloon,1.6,105.0
47450.0,Mercedes,CLA-Class,2020,46000.0,Hybrid,Coupe,1.3,218.0
23495.0,Nissan,Qashqai,2018,94951.06,Diesel,Hatchback,1.5,110.0
44440.0,Mercedes,CLA-Class,2020,29000.0,Diesel,Saloon,1.5,116.0
33895.0,Mercedes,E-Class,2018,135000.0,Diesel,Saloon,2.0,194.0
27999.0,Volkswagen,T-Roc,2020,61154.92,Petrol,SUV,1.5,150.0
9250.0,SEAT,MII,2016,125000.0,Petrol,Hatchback,1.0,75.0
22750.0,Jeep,Compass,2018,77500.0,Petrol,SUV,2.4,170.0
43400.0,Volkswagen,Tiguan,2021,28269.0,Diesel,SUV,2.0,150.0
12995.0,Volkswagen,Caddy,2014,64373.6,Diesel,MPV,1.6,75.0
5995.0,Alfa Romeo,Giulietta,2011,199558.16,Diesel,Hatchback,1.6,105.0
4795.0,Hyundai,ix20,2011,220000.0,Diesel,MPV,1.4,90.0
4495.0,Peugeot,308,2011,186683.44,Petrol,Hatchback,1.4,95.0
3250.0,Renault,Grand Megane,2013,355000.0,Diesel,Estate,1.5,90.0
9995.0,Nissan,Micra,2016,89000.0,Petrol,Hatchback,1.2,80.0
18995.0,Mercedes,SLK-Class,2013,144000.0,Diesel,Cabriolet,2.1,204.0
9995.0,Nissan,Micra,2016,89000.0,Petrol,Hatchback,1.0,80.0
12995.0,BMW,3-Series,2013,214042.22,Diesel,Estate,2.0,143.0
9995.0,Mazda,CX-5,2013,202000.0,Diesel,SUV,2.2,150.0
6995.0,Honda,Civic,2012,207000.0,Diesel,Hatchback,2.2,150.0
10995.0,Toyota,Yaris,2016,129000.0,Petrol,Hatchback,1.0,68.0
9995.0,Opel,Corsa,2016,79000.0,Petrol,Hatchback,1.2,70.0
12900.0,Citroen,C4 Picasso,2015,112911.0,Diesel,Hatchback,1.6,115.0
13995.0,Ford,Kuga,2014,112653.8,Diesel,SUV,2.0,140.0
14995.0,Ford,Focus,2017,68000.0,Diesel,Saloon,1.5,95.0
9995.0,SEAT,Altea,2015,118000.0,Diesel,MPV,1.6,105.0
6995.0,Nissan,Qashqai+2,2012,229000.0,Diesel,MPV,1.5,110.0
4995.0,Citroen,C4 Picasso,2011,210000.0,Diesel,MPV,1.6,110.0
11995.0,Toyota,Auris,2013,139000.0,Diesel,Hatchback,1.4,90.0
11995.0,Nissan,Qashqai+2,2013,173808.72,Diesel,MPV,1.5,110.0
7995.0,BMW,5-Series,2011,321000.0,Diesel,Saloon,2.0,184.0
14995.0,Ford,Kuga,2016,208000.0,Diesel,SUV,2.0,120.0
9995.0,Volkswagen,Scirocco,2011,156105.98,Diesel,Hatchback,2.0,140.0
23700.0,BMW,5-Series,2015,157715.32,Diesel,Saloon,2.0,190.0
28700.0,Mercedes,CLA-Class,2017,1.0,Diesel,Saloon,2.1,136.0
12999.0,Audi,A5,2011,167000.0,Diesel,Cabriolet,2.0,170.0
7995.0,SEAT,Ibiza,2015,192000.0,Diesel,MPV,1.2,75.0
9995.0,Volvo,V40,2013,160000.0,Diesel,Hatchback,1.6,115.0
7950.0,Ford,Grand C-MAX,2012,194730.14,Diesel,MPV,1.6,95.0
19495.0,Nissan,Micra,2020,6900.0,Petrol,Hatchback,1.0,100.0
25400.0,Mercedes,200,2017,98000.0,Diesel,Saloon,2.1,136.0
17950.0,Audi,A6,2016,220479.58,Diesel,Saloon,2.0,190.0
22700.0,Mercedes,C-Class,2015,233354.3,Diesel,Estate,2.1,170.0
6250.0,Volkswagen,Passat,2011,257.4944,Diesel,Saloon,2.0,140.0
5950.0,Hyundai,ix20,2012,146000.0,Diesel,MPV,1.4,90.0
36950.0,Mercedes,GLC-Class,2017,90001.0,Diesel,Estate,2.1,204.0
27950.0,Honda,HR-V,2019,33000.0,Petrol,SUV,1.5,130.0
19995.0,Toyota,Prius,2017,103056.0,Hybrid,Hatchback,1.8,122.0
7250.0,Dacia,Logan,2016,236.0,Diesel,Estate,1.5,90.0
5990.0,Hyundai,i30,2011,321868.0,Diesel,Hatchback,1.6,90.0
7950.0,Honda,Jazz,2013,96560.4,Petrol,Hatchback,1.2,90.0
6750.0,Opel,Corsa,2012,87000.0,Petrol,Hatchback,1.0,65.0
33950.0,Volkswagen,T-Roc,2022,1000.0,Petrol,SUV,1.0,110.0
16945.0,Renault,Clio,2021,56180.0,Petrol,Hatchback,1.0,100.0
12994.0,Volkswagen,Golf,2014,185074.1,Diesel,Hatchback,1.6,105.0
8250.0,Nissan,Qashqai+2,2011,152195.2838,Diesel,MPV,1.5,110.0
15750.0,Volkswagen,Passat,2016,156000.0,Diesel,Saloon,2.0,150.0
9999.0,Ford,Focus,2017,204000.0,Diesel,Estate,1.5,95.0
37900.0,Volkswagen,Tiguan,2018,89100.0,Diesel,SUV,2.0,150.0
26494.0,SEAT,Ateca,2019,69534.0,Petrol,SUV,1.0,115.0
25500.0,Skoda,Superb,2017,104000.0,Diesel,Estate,2.0,150.0
9950.0,Renault,Fluence,2015,118900.0,Diesel,Saloon,1.5,95.0
8950.0,Renault,Clio,2013,99000.0,Petrol,Hatchback,1.1,75.0
12950.0,Volkswagen,Polo,2014,67400.0,Petrol,Hatchback,1.2,90.0
24995.0,Honda,HR-V,2018,43006.0,Diesel,SUV,1.6,120.0
5750.0,Ford,Fiesta,2011,219050.0,Diesel,Hatchback,1.4,70.0
8500.0,Volkswagen,Golf,2013,289000.0,Diesel,Hatchback,1.6,105.0
10995.0,Nissan,Qashqai,2015,236452.2795,Diesel,Hatchback,1.5,110.0
14250.0,Volkswagen,Golf,2014,95000.0,Petrol,Estate,1.2,110.0
18900.0,Skoda,Octavia,2018,117000.0,Diesel,Saloon,1.6,90.0
16500.0,Volkswagen,Polo,2019,49000.0,Petrol,Hatchback,1.0,65.0
8650.0,Volkswagen,Golf,2013,220479.58,Diesel,Hatchback,1.6,105.0
13950.0,Nissan,Qashqai,2014,115000.0,Petrol,Hatchback,1.2,115.0
5200.0,Nissan,Qashqai,2011,214525.022,Diesel,Hatchback,1.5,110.0
8950.0,Dacia,Duster,2015,159862.0,Diesel,SUV,1.5,110.0
11450.0,KIA,Sportage,2014,207604.86,Diesel,SUV,1.7,115.0
9500.0,Toyota,Vitz,2016,102997.76,Petrol,Hatchback,1.0,68.0
19500.0,Audi,A3,2016,185074.1,Diesel,Saloon,2.0,150.0
5995.0,Ford,Focus,2011,249700.3664,Diesel,Saloon,1.6,95.0
29777.0,KIA,Sportage,2019,9275.0,Diesel,SUV,1.6,115.0
20995.0,Volkswagen,Scirocco,2016,59128.0,Diesel,Hatchback,2.0,150.0
7950.0,Renault,Megane,2013,217260.9,Diesel,Hatchback,1.5,110.0
27750.0,Volkswagen,Tiguan,2018,156303.9288,Diesel,SUV,2.0,150.0
9999.0,Ford,Focus,2017,204000.0,Diesel,Estate,1.5,95.0
16250.0,Nissan,Qashqai,2018,138074.9346,Diesel,Hatchback,1.5,110.0
45900.0,Audi,A6,2019,66563.0,Diesel,Saloon,2.0,204.0
17650.0,SEAT,Ateca,2018,205995.52,Diesel,SUV,1.6,115.0
23995.0,Hyundai,Kona,2021,47217.0,Petrol,MPV,1.0,120.0
32000.0,Audi,A6,2017,45501.0,Diesel,Saloon,2.0,190.0
29499.0,Audi,A6,2018,186856.0,Diesel,Estate,2.0,190.0
11900.0,Skoda,Octavia,2015,131066.2589,Diesel,Saloon,1.6,105.0
8250.0,Mazda,3,2013,169688.8096,Diesel,Saloon,1.6,115.0
35500.0,Volkswagen,Passat,2020,60717.0,Diesel,Saloon,2.0,150.0
18450.0,Dacia,Duster,2019,57500.0,Petrol,SUV,1.6,115.0
17900.0,BMW,3-Series,2015,101367.4986,Diesel,Saloon,2.0,116.0
7995.0,BMW,1-Series,2012,203581.51,Diesel,Coupe,2.0,143.0
31900.0,Volkswagen,Golf,2021,35000.0,Petrol,Estate,1.5,130.0
25588.0,Renault,Clio,2022,0.0,Petrol,Hatchback,1.0,72.0
8950.0,Opel,Mokka,2014,117000.0,Diesel,SUV,1.7,130.0
7250.0,Peugeot,508,2014,181232.6054,Diesel,Estate,1.6,115.0
21000.0,Mercedes,C-Class,2015,127300.0,Diesel,Saloon,2.1,170.0
44750.0,BMW,5-Series,2019,56005.032,Diesel,Saloon,2.0,190.0
31950.0,BMW,5-Series,2018,120004.0,Diesel,Saloon,2.0,190.0
19250.0,Ford,Mondeo,2017,157000.0,Diesel,Hatchback,2.0,150.0
12945.0,Fiat,500,2017,72000.0,Petrol,Hatchback,1.2,69.0
28950.0,Audi,A5,2017,179602.344,Diesel,Hatchback,2.0,190.0
37950.0,BMW,5-Series,2019,84862.0,Diesel,Saloon,2.0,190.0
41750.0,Audi,Q5,2018,136000.0,Diesel,SUV,2.0,190.0
16950.0,Nissan,Qashqai,2016,122473.9927,Diesel,Hatchback,1.5,110.0
22000.0,BMW,5-Series,2016,193120.8,Diesel,Saloon,2.0,190.0
44000.0,BMW,5-Series,2019,47000.0,Diesel,Saloon,2.0,190.0
43500.0,BMW,5-Series,2019,70810.96,Diesel,Saloon,2.0,190.0
15995.0,Ford,Kuga,2014,87461.19164,Diesel,SUV,2.0,140.0
25950.0,Opel,Grandland X,2020,14878.0,Petrol,MPV,1.2,130.0
4850.0,Mazda,5,2011,205000.0,Diesel,MPV,1.6,115.0
15495.0,Renault,Captur,2017,116402.0,Diesel,Hatchback,1.5,90.0
6999.0,Volvo,V40,2013,267150.44,Diesel,Hatchback,1.6,115.0
20000.0,SEAT,Ateca,2017,136000.0,Diesel,SUV,1.6,115.0
19900.0,Audi,A6,2015,196267.0,Diesel,Saloon,2.0,150.0
19995.0,Toyota,Prius,2017,108669.0,Hybrid,Hatchback,1.8,122.0
17950.0,Dacia,Sandero,2021,21000.0,Petrol,Hatchback,0.9,90.0
12450.0,Nissan,Juke,2015,105157.0,Diesel,SUV,1.5,110.0
13999.0,Skoda,Octavia,2017,184495.0,Diesel,Saloon,1.6,110.0
10500.0,Ford,Fiesta,2016,185074.1,Petrol,Hatchback,1.0,65.0
21950.0,Audi,A3,2017,137560.0,Diesel,Hatchback,1.6,110.0
6700.0,Suzuki,Swift,2011,136793.9,Petrol,Hatchback,1.2,94.0
14499.0,Toyota,Prius,2013,107825.78,Hybrid,MPV,1.8,136.0
11999.0,Volkswagen,Polo,2014,72420.3,Petrol,Hatchback,1.2,60.0
21995.0,Volkswagen,Golf,2018,58685.0,Petrol,Hatchback,1.0,110.0
32900.0,KIA,Sportage,2020,25522.0,Diesel,SUV,1.6,115.0
10500.0,Dacia,Duster,2016,123000.0,Diesel,SUV,1.5,110.0
7000.0,Suzuki,Swift,2015,119500.0,Petrol,Hatchback,1.2,94.0
12490.0,Mazda,2,2016,114224.5158,Petrol,MPV,1.3,63.0
9995.0,Ford,S-MAX,2013,214759.9856,Diesel,MPV,2.0,140.0
10749.0,Renault,Captur,2014,97449.0,Petrol,Hatchback,1.0,90.0
29995.0,Mitsubishi,Outlander,2018,118800.0,Diesel,SUV,2.3,150.0
8995.0,SEAT,Ibiza,2014,147411.0,Diesel,MPV,1.2,75.0
32450.0,Skoda,Karoq,2018,43000.0,Diesel,Estate,2.0,150.0
21950.0,Mercedes,GLA-Class,2015,99000.0,Diesel,SUV,2.1,136.0
19995.0,Toyota,Camry,2016,116924.0,Hybrid,Saloon,2.5,152.0
16950.0,SEAT,Leon,2016,167371.36,Diesel,Hatchback,2.0,184.0
12995.0,Fiat,500,2017,58512.0,Petrol,Hatchback,1.2,69.0
35168.0,Renault,Captur,2022,0.0,Petrol,Crossover,1.0,90.0
35950.0,BMW,X2,2019,25700.0,Diesel,SUV,2.0,150.0
16950.0,Nissan,Micra,2019,41000.0,Petrol,Hatchback,1.0,100.0
21950.0,Hyundai,Tucson,2016,108000.0,Diesel,SUV,1.7,115.0
35995.0,BMW,X2,2018,93027.0,Diesel,SUV,2.0,150.0
44950.0,Mercedes,GLC-Class,2018,88513.7,Diesel,SUV,2.1,170.0
26950.0,Jaguar,XE,2017,63890.798,Diesel,Saloon,2.0,180.0
9995.0,Volkswagen,Golf,2013,209336.5098,Diesel,Estate,1.6,105.0
5495.0,Opel,Zafira,2012,118000.0,Diesel,MPV,1.7,110.0
13490.0,Ford,C-MAX,2015,29935.0,Diesel,MPV,1.5,95.0
29995.0,Volkswagen,T-CROSS,2020,18100.0,Petrol,SUV,1.0,115.0
4550.0,Volkswagen,Golf,2011,302555.92,Diesel,Hatchback,1.6,105.0
19995.0,Volkswagen,Passat,2018,211895.3604,Diesel,Saloon,2.0,150.0
35168.0,Renault,Captur,2022,0.0,Petrol,Crossover,1.0,90.0
24950.0,Nissan,Qashqai,2019,63651.0,Diesel,MPV,1.5,110.0
14950.0,Opel,Astra,2017,26461.0,Petrol,Hatchback,1.4,100.0
23950.0,Nissan,Qashqai,2018,57948.0,Diesel,MPV,1.5,110.0
14950.0,Toyota,Yaris,2019,145464.0,Petrol,Hatchback,1.0,72.0
17950.0,Toyota,Yaris,2019,21464.0,Petrol,Hatchback,1.0,72.0
19950.0,Toyota,Auris,2017,47565.0,Hybrid,MPV,1.8,136.0
22950.0,Toyota,Prius,2018,97327.0,Hybrid,Hatchback,1.8,136.0
13950.0,Toyota,Auris,2015,191909.0,Diesel,Hatchback,1.4,90.0
11950.0,Skoda,Fabia,2017,38122.0,Petrol,Hatchback,1.0,60.0
9450.0,Toyota,Yaris,2014,136116.0,Petrol,Hatchback,1.0,69.0
13450.0,Toyota,Auris,2015,133829.0,Petrol,Hatchback,1.3,99.0
15449.0,Honda,Civic,2016,151560.0,Diesel,Estate,1.6,120.0
13495.0,Nissan,Note,2016,63855.0,Petrol,MPV,1.2,98.0
10950.0,Toyota,Corolla,2014,215904.0,Diesel,Saloon,1.4,90.0
19450.0,Toyota,Corolla,2018,89091.0,Petrol,Saloon,1.3,99.0
29950.0,Nissan,X-Trail,2018,70133.0,Diesel,Estate,1.6,130.0
25450.0,Toyota,RAV4,2018,108507.0,Diesel,SUV,2.0,143.0
5000.0,Toyota,Yaris,2011,126000.0,Petrol,Hatchback,1.0,69.0
17250.0,Audi,A6,2015,220000.0,Diesel,Saloon,2.0,190.0
16900.0,Volkswagen,Passat,2016,152536.0,Diesel,Saloon,1.6,120.0
11850.0,Toyota,Aqua,2017,122309.84,Hybrid,Hatchback,1.5,112.0
17500.0,Audi,A4,2016,202000.0,Diesel,Saloon,2.0,150.0
8950.0,Toyota,Aqua,2013,113000.0,Hybrid,Hatchback,1.5,112.0
20445.0,Renault,Clio,2022,4917.0,Petrol,Hatchback,1.0,90.0
19995.0,Toyota,Prius,2017,90327.0,Hybrid,Hatchback,1.8,122.0
3450.0,Renault,Fluence,2012,274000.0,Diesel,Saloon,1.5,90.0
28000.0,Volkswagen,Passat,2018,50130.941,Diesel,Saloon,2.0,150.0
14995.0,BMW,5-Series,2014,191450.0,Diesel,Saloon,2.0,143.0
7995.0,Peugeot,2008,2014,135221.0,Diesel,Hatchback,1.4,68.0
11950.0,Citroen,C4,2016,186522.0,Diesel,Hatchback,1.6,92.0
32950.0,Volkswagen,Golf,2020,27387.0,Petrol,Hatchback,1.5,150.0
13450.0,Ford,KA,2017,25500.0,Petrol,Hatchback,1.2,85.0
35168.0,Renault,Captur,2022,0.0,Petrol,Crossover,1.0,90.0
6950.0,Opel,Astra,2015,289380.2534,Diesel,Hatchback,1.2,95.0
23283.0,Volkswagen,Passat,2019,65381.04684,Diesel,Saloon,2.0,150.0
13950.0,Mitsubishi,Outlander,2014,154496.64,Diesel,SUV,2.3,150.0
27950.0,Citroen,C4,2022,14500.0,Diesel,Hatchback,1.5,131.0
8000.0,Volkswagen,Passat,2013,180529.0,Diesel,Saloon,1.6,105.0
5850.0,Mazda,6,2011,157484.0,Diesel,Hatchback,2.2,129.0
28995.0,Nissan,Qashqai,2020,24449.0,Petrol,MPV,1.3,160.0
8650.0,Dacia,Sandero,2015,192000.0,Diesel,Hatchback,1.5,90.0
14950.0,Volkswagen,Passat,2015,237.0,Diesel,Jeep,2.0,150.0
4999.0,Ford,C-MAX,2011,283243.84,Diesel,MPV,1.6,95.0
26450.0,Land Rover,Range Rover Evoque,2017,157105.3801,Diesel,SUV,2.0,150.0
12900.0,Volkswagen,Tiguan,2014,180000.0,Diesel,SUV,2.0,110.0
18000.0,Mercedes,A-Class,2016,110000.0,Diesel,Hatchback,1.5,109.0
19000.0,Peugeot,Partner,2018,69000.0,Diesel,MPV,1.6,100.0
39995.0,Ford,S-MAX,2019,51443.0,Diesel,MPV,2.0,150.0
12500.0,SEAT,Leon,2015,166000.0,Diesel,Estate,1.6,105.0
29900.0,Volkswagen,Arteon,2018,129792.0,Diesel,Hatchback,2.0,150.0
12600.0,Volkswagen,Golf,2016,250000.0,Diesel,Hatchback,1.6,90.0
9950.0,Dacia,Sandero,2019,45446.0,Petrol,Hatchback,1.0,75.0
9950.0,Hyundai,i40,2014,153774.0463,Diesel,Saloon,1.7,116.0
27950.0,Citroen,C4,2022,14500.0,Diesel,Hatchback,1.5,131.0
45940.0,Mercedes,E-Class,2018,80000.0,Diesel,Coupe,2.0,194.0
24950.0,Hyundai,Tucson,2018,94000.0,Diesel,SUV,1.7,115.0
5750.0,Ford,Mondeo,2013,289681.2,Diesel,Hatchback,2.0,140.0
3995.0,Ford,Focus,2011,274302.347,Diesel,Hatchback,1.6,90.0
31995.0,Nissan,Qashqai,2021,51034.0,Diesel,MPV,1.5,115.0
11755.0,Mazda,6,2015,144275.0,Diesel,Saloon,2.2,150.0
17000.0,Hyundai,i10,2022,7650.0,Petrol,Hatchback,1.0,67.0
22945.0,Volkswagen,Passat,2017,104265.0,Diesel,Saloon,2.0,150.0
9350.0,Honda,Jazz,2014,201000.0,Petrol,Hatchback,1.3,99.0
15450.0,Nissan,Juke,2017,27389.0,Petrol,SUV,1.2,116.0
47995.0,BMW,3-Series,2020,47000.0,Diesel,Saloon,2.0,190.0
35800.0,BMW,X1,2018,35135.0,Diesel,SUV,2.0,150.0
9499.0,Fiat,500,2015,59219.0,Petrol,Hatchback,1.2,69.0
12499.0,Volkswagen,Golf,2014,166999.6025,Petrol,Hatchback,1.4,140.0
36995.0,Peugeot,5008,2018,81005.0,Diesel,MPV,1.5,130.0
30495.0,BMW,5-Series,2018,128092.0,Diesel,Saloon,2.0,190.0
32900.0,Volkswagen,Golf,2020,60150.0,Petrol,Estate,1.5,150.0
6400.0,Volkswagen,Passat,2012,220000.0,Diesel,Estate,1.6,105.0
9999.0,BMW,5-Series,2013,297727.9,Diesel,Saloon,2.0,184.0
27500.0,Audi,A5,2017,82000.0,Diesel,Hatchback,2.0,150.0
5500.0,Fiat,Punto,2012,104100.0,Petrol,Hatchback,1.2,65.0
7450.0,Renault,Clio,2012,36800.0,Petrol,Hatchback,1.1,75.0
23500.0,Audi,A6,2016,201167.5,Diesel,Saloon,2.0,190.0
39900.0,Volkswagen,Tiguan,2020,38500.0,Petrol,SUV,1.5,150.0
8995.0,Peugeot,3008,2015,201085.4237,Diesel,SUV,1.6,115.0
17500.0,Ford,Kuga,2016,165000.0,Diesel,SUV,2.0,120.0
11500.0,Hyundai,i40,2014,151004.0,Diesel,Saloon,1.7,116.0
21995.0,Ford,Focus,2018,47955.0,Diesel,Hatchback,1.5,120.0
19995.0,Toyota,Prius,2017,129177.0,Hybrid,Hatchback,1.8,122.0
15995.0,Peugeot,3008,2016,81000.0,Diesel,SUV,1.6,120.0
13995.0,Volkswagen,Tiguan,2015,215918.7104,Diesel,SUV,2.0,110.0
3950.0,Perodua,Myvi,2011,128747.2,Petrol,Hatchback,1.3,87.0
35168.0,Renault,Captur,2022,0.0,Petrol,Crossover,1.0,90.0
7350.0,Volkswagen,Polo,2014,200000.0,Petrol,Hatchback,1.0,60.0
10950.0,Hyundai,i30,2014,108535.4989,Diesel,Hatchback,1.6,110.0
34950.0,Skoda,Kodiaq,2019,97308.7431,Diesel,SUV,2.0,150.0
7500.0,KIA,Sportage,2011,255423.1794,Diesel,SUV,1.7,115.0
3150.0,Ford,Focus,2011,296118.56,Diesel,Hatchback,1.6,109.0
13000.0,Audi,A3,2014,200599.403,Diesel,Hatchback,1.6,110.0
20990.0,Volkswagen,Golf,2019,90464.0,Diesel,Hatchback,1.6,115.0
22444.0,Ford,Kuga,2017,40000.0,Diesel,Hatchback,1.5,120.0
14950.0,Nissan,Qashqai,2015,141621.92,Diesel,Hatchback,1.5,110.0
19950.0,Skoda,Superb,2019,185074.1,Diesel,Saloon,2.0,150.0
6950.0,Volvo,S60,2011,300938.5333,Diesel,Saloon,2.0,163.0
9950.0,Mazda,6,2014,273755.1714,Diesel,Saloon,2.2,150.0
19950.0,Toyota,RAV4,2016,199611.2682,Diesel,SUV,2.0,143.0
22950.0,BMW,5-Series,2016,168980.7,Diesel,Saloon,2.0,190.0
17950.0,BMW,X1,2015,124802.7077,Diesel,Hatchback,2.0,163.0
21650.0,Audi,A4,2017,163151.6705,Diesel,Saloon,2.0,150.0
6995.0,Renault,Fluence,2016,226934.6427,Diesel,Saloon,1.5,95.0
9500.0,Nissan,Qashqai,2013,182027.6194,Diesel,MPV,1.5,110.0
14900.0,Hyundai,ix35,2015,146000.0,Diesel,SUV,1.7,115.0
41950.0,BMW,5-Series,2018,51476.34924,Diesel,Saloon,2.0,190.0
5750.0,Peugeot,107,2012,141448.1113,Petrol,Hatchback,1.0,68.0
17950.0,Volvo,V40,2017,83685.68,Diesel,Hatchback,2.0,120.0
11950.0,Toyota,Avensis,2015,168000.0,Diesel,Saloon,2.0,110.0
9950.0,Dacia,Duster,2015,114881.1266,Diesel,SUV,1.5,107.0
15950.0,Volkswagen,Passat,2015,106000.0,Diesel,Saloon,1.6,120.0
22950.0,Mercedes,E-Class,2013,115000.0,Diesel,Cabriolet,2.1,170.0
27995.0,Peugeot,208,2022,1000.0,Petrol,Hatchback,1.2,101.0
12950.0,Toyota,Auris,2015,201167.5,Diesel,Hatchback,1.4,90.0
12950.0,KIA,RIO,2016,73154.15904,Petrol,Hatchback,1.2,84.0
6750.0,Volkswagen,Touran,2012,257494.4,Diesel,MPV,1.6,105.0
11950.0,Volvo,S60,2015,177027.4,Diesel,Saloon,1.6,114.0
7950.0,Toyota,Prius,2011,231744.96,Hybrid,Hatchback,1.8,136.0
10950.0,Nissan,Qashqai,2014,190000.0,Diesel,Hatchback,1.5,110.0
22900.0,Mercedes,A-Class,2017,82076.34,Diesel,Hatchback,1.5,109.0
20995.0,Toyota,Camry,2017,122504.0,Hybrid,Saloon,2.5,152.0
7250.0,Ford,Focus,2015,239791.66,Diesel,Estate,1.5,95.0
11950.0,Lexus,IS,2014,164152.68,Diesel,Saloon,2.2,150.0
14950.0,Peugeot,Partner,2019,112653.8,Diesel,MPV,1.6,75.0
9950.0,Toyota,Corolla,2014,218870.24,Diesel,Saloon,1.4,90.0
14950.0,Volvo,S60,2016,186683.44,Diesel,Saloon,2.0,150.0
27950.0,BMW,5-Series,2017,104000.0,Diesel,Saloon,2.0,190.0
14950.0,Volkswagen,Passat,2015,218870.24,Diesel,Estate,1.6,120.0
15950.0,Citroen,C4,2015,195380.3134,Diesel,Hatchback,1.6,115.0
11950.0,Toyota,Corolla,2014,170441.9807,Diesel,Saloon,1.4,90.0
13495.0,Nissan,March,2019,101147.0,Petrol,Hatchback,1.2,80.0
10950.0,Renault,Clio,2015,72420.3,Petrol,Hatchback,1.1,75.0
12950.0,Hyundai,i40,2015,189902.12,Diesel,Estate,1.7,116.0
18950.0,Hyundai,Santa Fe,2014,199937.0,Diesel,SUV,2.2,197.0
17250.0,Audi,A6,2015,220000.0,Diesel,Saloon,2.0,190.0
31950.0,Mercedes,C-Class,2017,51350.0,Petrol,Saloon,2.0,184.0
9950.0,Ford,Fiesta,2014,142412.1059,Petrol,Hatchback,1.2,60.0
10950.0,Renault,Captur,2014,129891.4407,Diesel,Hatchback,1.5,90.0
9950.0,Renault,Clio,2014,107162.7319,Petrol,Hatchback,1.1,75.0
31900.0,Volkswagen,Golf,2020,31900.0,Petrol,Hatchback,1.5,130.0
23950.0,Honda,Civic,2019,45636.0,Petrol,Hatchback,1.0,110.0
8450.0,Honda,Civic,2013,225307.6,Diesel,Hatchback,1.6,120.0
27995.0,Nissan,X-Trail,2018,57000.0,Diesel,SUV,1.6,130.0
14295.0,Skoda,Yeti,2015,110000.0,Diesel,SUV,2.0,150.0
14950.0,Citroen,C4,2017,102000.0,Diesel,Hatchback,1.6,92.0
25995.0,Skoda,KAMIQ,2022,6000.0,Petrol,Hatchback,1.0,95.0
13000.0,SEAT,Leon,2016,163100.0,Diesel,Estate,1.6,110.0
31063.0,Renault,Captur,2022,0.0,Petrol,Crossover,1.0,90.0
6500.0,Volkswagen,Golf,2013,214.04222,Diesel,Hatchback,1.6,105.0
36950.0,BMW,4-Series,2018,83686.0,Diesel,Coupe,2.0,190.0
7950.0,Ford,Focus,2012,144000.0,Diesel,Hatchback,1.6,95.0
29950.0,Hyundai,Tucson,2020,61357.0,Diesel,SUV,1.6,115.0
34900.0,Audi,Q2,2021,19725.0,Petrol,SUV,1.0,110.0
6550.0,Ford,Fiesta,2011,150000.0,Petrol,Hatchback,1.2,60.0
13950.0,Skoda,Octavia,2016,107000.0,Petrol,Saloon,1.2,86.0
19750.0,Hyundai,Tucson,2017,142023.0,Diesel,SUV,1.7,115.0
10450.0,Citroen,Grand C4 Picasso,2014,156105.98,Diesel,Hatchback,1.6,112.0
8995.0,Hyundai,i40,2013,205600.0,Diesel,Saloon,1.7,116.0
26495.0,Hyundai,i30,2022,2000.0,Petrol,Hatchback,1.0,120.0
13950.0,Citroen,Grand C4 Picasso,2016,170003.0,Diesel,MPV,1.6,92.0
13950.0,Renault,Clio,2019,98002.0,Petrol,Hatchback,1.0,90.0
10950.0,Renault,Clio,2016,145003.0,Petrol,Hatchback,1.2,75.0
12950.0,Peugeot,2008,2017,145003.0,Diesel,Estate,1.6,75.0
19950.0,Mazda,6,2019,184004.0,Diesel,Saloon,2.2,184.0
15450.0,Ford,Mondeo,2018,199558.0,Diesel,Hatchback,1.5,120.0
35900.0,KIA,Sportage,2020,46000.0,Hybrid,SUV,1.6,115.0
30950.0,KIA,Sorento,2017,121380.0,Diesel,SUV,2.2,200.0
5000.0,Ford,Focus,2011,90000.0,Diesel,Hatchback,1.6,95.0
15950.0,Mercedes,A-Class,2015,212005.0,Diesel,Hatchback,1.5,90.0
13950.0,Opel,Insignia,2018,217261.0,Diesel,Hatchback,1.6,110.0
19950.0,BMW,5-Series,2015,196339.0,Diesel,Saloon,2.0,184.0
25950.0,Skoda,Karoq,2018,136794.0,Diesel,Estate,2.0,150.0
22950.0,Mercedes,E-Class,2016,188003.0,Diesel,Saloon,2.0,194.0
15950.0,Nissan,Qashqai,2018,139403.0,Diesel,MPV,1.5,110.0
16950.0,Mercedes,A-Class,2016,154497.0,Diesel,Hatchback,1.5,109.0
22450.0,Peugeot,3008,2018,175418.0,Diesel,Hatchback,1.6,120.0
19950.0,Mercedes,C-Class,2014,212433.0,Diesel,Saloon,2.1,170.0
17950.0,Ford,Mondeo,2018,189902.0,Diesel,Hatchback,2.0,150.0
4950.0,Dacia,Duster,2013,299007.0,Diesel,SUV,1.5,107.0
20950.0,Audi,A4,2016,167371.0,Diesel,Saloon,2.0,150.0
5750.0,Nissan,Qashqai,2011,140150.9832,Diesel,Hatchback,1.5,106.0
18303.0,Dacia,Sandero,2022,0.0,Petrol,Hatchback,1.0,67.0
32950.0,Volkswagen,Tiguan,2019,83214.0,Diesel,SUV,2.0,150.0
10250.0,Volkswagen,Golf,2014,255885.06,Diesel,Hatchback,2.0,150.0
23959.0,Skoda,Karoq,2018,110000.0,Diesel,Jeep,1.6,115.0
15000.0,Mercedes,E-Class,2013,120000.0,Diesel,Coupe,2.1,170.0
46000.0,Skoda,Kodiaq,2019,80467.0,Diesel,MPV,2.0,150.0
6700.0,KIA,Soul,2011,166405.756,Diesel,Hatchback,1.6,128.0
44990.0,Audi,A5,2020,29600.59062,Petrol,Hatchback,2.0,190.0
14995.0,Audi,A1,2013,83702.0,Petrol,Hatchback,1.0,122.0
10500.0,Volkswagen,Golf,2012,206800.0,Diesel,Estate,1.6,105.0
10450.0,Audi,A3,2012,180889.816,Diesel,Hatchback,2.0,170.0
25995.0,BMW,5-Series,2016,139800.0,Diesel,Saloon,2.0,190.0
35950.0,Skoda,Kodiaq,2018,86904.36,Diesel,MPV,2.0,150.0
5750.0,Toyota,Corolla,2012,232810.0,Diesel,Saloon,1.4,90.0
42500.0,Audi,A5,2019,53000.0,Diesel,Hatchback,2.0,190.0
16950.0,Skoda,Octavia,2019,158000.0,Diesel,Saloon,1.6,115.0
44950.0,Audi,A6,2019,27500.0,Diesel,Saloon,2.0,204.0
0.0,BMW,4-Series,2015,78052.99,Diesel,Coupe,2.0,184.0
37950.0,Jaguar,F-Pace,2017,88500.0,Diesel,SUV,2.0,180.0
20950.0,Hyundai,ix20,2019,65001.0,Petrol,MPV,1.6,125.0
17950.0,Volkswagen,Tiguan,2015,125529.0,Diesel,SUV,2.0,110.0
15300.0,Mercedes,E-Class,2013,171640.0,Diesel,Saloon,2.1,136.0
11950.0,Hyundai,i20,2015,81000.0,Petrol,Hatchback,1.2,84.0
7200.0,Ford,Focus,2013,305774.6,Diesel,Hatchback,1.6,95.0
11000.0,Skoda,Rapid,2015,103000.0,Petrol,Saloon,1.2,86.0
9000.0,Toyota,Avensis,2013,117000.0,Diesel,Saloon,2.0,124.0
15950.0,Nissan,Juke,2018,110000.0,Petrol,SUV,1.2,116.0
33950.0,Toyota,Camry,2019,89445.0,Hybrid,Saloon,2.5,218.0
7995.0,Mazda,6,2013,173808.72,Diesel,Estate,2.2,150.0
29975.0,Ford,Focus,2022,12.0,Petrol,Hatchback,1.0,125.0
15495.0,Dacia,Sandero Stepway,2019,21850.0,Petrol,Hatchback,0.9,90.0
47995.0,Audi,Q5,2019,29895.0,Diesel,Estate,2.0,163.0
15500.0,SEAT,Leon,2015,151278.0,Petrol,Hatchback,1.4,125.0
15949.0,Volkswagen,Passat,2016,164701.0,Diesel,Saloon,2.0,150.0
14500.0,BMW,5-Series,2014,196870.5622,Diesel,Saloon,2.0,143.0
12500.0,Audi,A4,2012,176922.7929,Diesel,Saloon,2.0,177.0
6395.0,Citroen,C4 Picasso,2013,193200.0,Diesel,MPV,1.6,110.0
14000.0,Audi,A4,2014,161999.3831,Diesel,Saloon,2.0,136.0
35950.0,Volkswagen,Golf,2022,1.0,Petrol,Hatchback,1.5,130.0
16450.0,Mercedes,E-Class,2013,109596.054,Diesel,Saloon,2.1,170.0
20995.0,Mazda,CX-5,2017,90123.04,Diesel,SUV,2.2,150.0
40495.0,Audi,A5,2019,83000.0,Diesel,Coupe,2.0,190.0
22603.0,Dacia,Sandero Stepway,2022,0.0,Petrol,Crossover,1.0,91.0
11495.0,Toyota,Aygo,2017,29000.0,Petrol,Hatchback,1.0,68.0
11495.0,KIA,Optima,2016,225000.0,Diesel,Saloon,1.7,141.0
28995.0,Audi,TT,2016,64000.0,Diesel,Coupe,2.0,184.0
38950.0,Audi,Q5,2017,150020.0,Diesel,SUV,2.0,190.0
15450.0,SEAT,Leon,2016,122247.0,Petrol,Hatchback,1.2,110.0
33950.0,Jaguar,F-Pace,2017,100200.0,Diesel,SUV,2.0,180.0
38950.0,Land Rover,Range Rover Evoque,2019,81250.0,Diesel,SUV,2.0,150.0
33450.0,Mercedes,A-Class,2020,18451.0,Petrol,Hatchback,1.3,109.0
29950.0,Mercedes,CLA-Class,2018,75627.71462,Diesel,Saloon,2.1,177.0
16450.0,Skoda,Superb,2015,106731.0,Diesel,Hatchback,2.0,190.0
18500.0,Ford,Focus,2018,114000.0,Diesel,Hatchback,1.5,95.0
10500.0,Volvo,V40,2015,115486.2384,Diesel,Hatchback,1.6,115.0
16200.0,Volkswagen,Passat,2016,294000.0,Diesel,Saloon,2.0,150.0
25950.0,Audi,A1,2019,17556.0,Petrol,Hatchback,1.0,116.0
13750.0,Mitsubishi,ASX,2015,84067.09358,Petrol,SUV,1.6,117.0
22000.0,BMW,5-Series,2016,184048.9504,Diesel,Saloon,2.0,190.0
7250.0,Volkswagen,Passat,2012,265541.1,Diesel,Saloon,2.0,140.0
14450.0,Volkswagen,Jetta,2016,159324.66,Diesel,Saloon,2.0,110.0
12950.0,Volkswagen,Polo,2016,68283.0,Petrol,Hatchback,1.0,60.0
12950.0,Volkswagen,Polo,2014,116848.0,Petrol,Hatchback,1.2,90.0
21950.0,Volkswagen,Passat,2018,176706.0,Diesel,Saloon,1.6,105.0
11950.0,Hyundai,i30,2016,124110.0,Diesel,Hatchback,1.4,90.0
10950.0,Opel,Zafira,2014,87179.0,Diesel,MPV,2.0,130.0
24103.0,Dacia,Sandero Stepway,2022,0.0,Petrol,Crossover,1.0,91.0
22950.0,Audi,A4,2017,255000.0,Diesel,Estate,2.0,150.0
19945.0,KIA,Sportage,2017,119091.16,Diesel,SUV,1.7,115.0
28995.0,Hyundai,Santa Fe,2017,115343.0,Diesel,SUV,2.2,200.0
20950.0,Opel,Mokka,2019,63426.0,Diesel,MPV,1.6,136.0
30900.0,Mercedes,E-Class,2017,98000.0,Diesel,Saloon,2.0,194.0
15950.0,KIA,Ceed,2017,53001.0,Petrol,Hatchback,1.4,100.0
39945.0,Mercedes,E-Class,2019,40000.0,Diesel,Saloon,1.9,194.0
11995.0,Hyundai,i40,2015,98572.075,Diesel,Saloon,1.7,115.0
6595.0,Volkswagen,Passat,2013,304000.0,Diesel,Saloon,1.6,105.0
17950.0,Opel,Crossland X,2018,76117.0,Petrol,SUV,1.2,81.0
7950.0,Hyundai,i30,2013,186780.0,Diesel,Hatchback,1.6,110.0
6000.0,Nissan,Juke,2012,159000.0,Diesel,SUV,1.5,110.0
8000.0,Ford,Focus,2013,148059.28,Petrol,Hatchback,1.0,100.0
17950.0,Volkswagen,Golf,2016,87001.0,Petrol,Hatchback,1.4,150.0
16000.0,Hyundai,i30,2018,60976.28326,Diesel,Estate,1.6,110.0
16999.0,Hyundai,i40,2018,90725.0,Diesel,Estate,1.7,115.0
5495.0,Renault,Clio,2011,233000.0,Diesel,Hatchback,1.5,90.0
5250.0,SEAT,Ibiza,2011,175000.0,Petrol,Hatchback,1.2,70.0
15250.0,Toyota,RAV4,2014,143700.0,Diesel,SUV,2.0,124.0
10975.0,Opel,Corsa,2017,94216.0,Petrol,Hatchback,1.4,90.0
16950.0,BMW,1-Series,2016,98432.0,Diesel,Hatchback,1.5,116.0
11990.0,Volkswagen,Golf,2013,128002.0,Petrol,Hatchback,1.2,85.0
14750.0,SEAT,Leon,2014,120701.0,Petrol,Hatchback,1.4,180.0
8995.0,Hyundai,i10,2015,96560.0,Petrol,Hatchback,1.0,65.0
13500.0,Volkswagen,Golf,2014,193000.0,Diesel,Hatchback,1.6,105.0
14250.0,Audi,A3,2015,205995.52,Diesel,Hatchback,1.6,105.0
5295.0,Nissan,Juke,2011,196000.0,Petrol,SUV,1.6,117.0
19995.0,Toyota,Prius,2017,118467.0,Hybrid,Hatchback,1.8,122.0
24000.0,BMW,1-Series,2018,76923.0,Diesel,Hatchback,1.5,116.0
27500.0,Jaguar,XE,2017,40233.5,Diesel,Saloon,2.0,180.0
37500.0,Audi,A6,2019,125528.52,Diesel,Saloon,2.0,204.0
36995.0,BMW,X3,2017,130574.0,Diesel,SUV,2.0,190.0
15750.0,BMW,2-Series,2015,130000.0,Diesel,Coupe,2.0,143.0
20450.0,Volkswagen,Golf,2018,112653.8,Diesel,Hatchback,1.6,115.0
16499.0,Opel,Insignia,2018,112206.0,Diesel,Hatchback,1.6,136.0
34000.0,Volkswagen,Tiguan,2018,96560.4,Diesel,SUV,2.0,150.0
27950.0,Audi,A6,2015,75000.0,Diesel,Saloon,2.0,150.0
25750.0,Nissan,Qashqai,2019,77000.0,Diesel,Hatchback,1.5,115.0
21950.0,Land Rover,Range Rover Evoque,2014,168980.7,Diesel,SUV,2.2,150.0
26950.0,Audi,A6,2016,143231.26,Diesel,Saloon,2.0,190.0
16000.0,Audi,A3,2015,81000.0,Diesel,Hatchback,2.0,150.0
22950.0,Skoda,Octavia,2018,120002.0,Diesel,Hatchback,1.6,115.0
39000.0,BMW,5-Series,2019,76839.0,Diesel,Saloon,2.0,190.0
21700.0,Audi,A6,2015,156105.98,Diesel,Saloon,2.0,190.0
33695.0,SEAT,Ateca,2021,38201.0,Diesel,SUV,2.0,150.0
6950.0,Honda,Civic,2011,192004.0,Petrol,Hatchback,1.3,100.0
28950.0,Audi,A6,2017,136002.0,Diesel,Saloon,2.0,190.0
33950.0,BMW,1-Series,2021,14999.0,Petrol,Hatchback,1.5,140.0
14950.0,Volkswagen,Golf,2014,122002.0,Petrol,Hatchback,1.4,140.0
16955.0,Dacia,Logan,2020,71372.0,Diesel,Estate,1.5,95.0
12950.0,Volkswagen,Golf,2013,115002.0,Petrol,Hatchback,1.2,85.0
14950.0,Volkswagen,Touran,2014,107002.0,Petrol,MPV,1.4,90.0
18950.0,Audi,A3,2016,123002.0,Petrol,Saloon,1.4,125.0
9450.0,Volkswagen,Golf,2012,131002.0,Petrol,Hatchback,1.2,85.0
21950.0,BMW,2-Series,2015,94002.0,Petrol,SUV,1.5,136.0
12950.0,Audi,A1,2014,97001.0,Petrol,Hatchback,1.4,122.0
12950.0,Audi,A1,2014,108001.0,Petrol,Hatchback,1.4,122.0
17950.0,Ford,S-MAX,2015,91732.0,Diesel,MPV,1.6,115.0
22950.0,Mercedes,A-Class,2017,71001.0,Diesel,Hatchback,1.5,90.0
19950.0,Audi,A6,2014,133002.0,Diesel,Saloon,2.0,150.0
20950.0,Volkswagen,Passat,2016,117002.0,Petrol,Estate,1.4,125.0
33950.0,Mercedes,CLS-Class,2017,111003.0,Diesel,Coupe,2.1,170.0
23950.0,Mercedes,CLA-Class,2016,143003.0,Diesel,Saloon,2.1,136.0
14950.0,Audi,A3,2013,117002.0,Petrol,Hatchback,1.4,122.0
21950.0,Volkswagen,Touran,2016,97983.0,Petrol,MPV,1.4,110.0
12950.0,Toyota,Yaris,2017,98002.0,Petrol,Hatchback,1.0,69.0
11950.0,Hyundai,i20,2015,88002.0,Petrol,Hatchback,1.2,84.0
16950.0,Audi,A3,2015,109002.0,Petrol,Hatchback,1.4,125.0
9950.0,Skoda,Fabia,2015,91732.38,Petrol,Hatchback,1.2,70.0
14950.0,Hyundai,i20,2017,89000.0,Petrol,Hatchback,1.2,84.0
20950.0,Skoda,Octavia,2019,45500.0,Petrol,Saloon,1.0,115.0
23950.0,KIA,Ceed,2019,20130.0,Petrol,Estate,1.0,120.0
24500.0,Volkswagen,Passat,2018,118547.0,Diesel,Saloon,1.6,120.0
5695.0,Nissan,Micra,2011,139000.0,Petrol,Hatchback,1.2,80.0
15950.0,BMW,5-Series,2014,167000.0,Diesel,Saloon,2.0,184.0
13500.0,KIA,Sportage,2014,81696.53576,Diesel,SUV,1.7,115.0
22950.0,Audi,A6,2016,220000.0,Diesel,Saloon,2.0,190.0
26475.0,Peugeot,3008,2018,73954.0,Diesel,Hatchback,1.6,120.0
19900.0,Opel,Astra,2019,64929.0,Petrol,Hatchback,1.0,105.0
7250.0,Nissan,Qashqai+2,2012,230135.62,Diesel,MPV,1.5,110.0
6950.0,Peugeot,5008,2012,164000.0,Diesel,MPV,1.6,112.0
26995.0,Mitsubishi,Outlander,2016,82125.0,Diesel,Estate,2.3,150.0
43995.0,Hyundai,Santa Fe,2019,27133.0,Diesel,SUV,2.2,200.0
9900.0,Nissan,Qashqai+2,2013,174003.0,Diesel,MPV,1.5,110.0
26900.0,Mercedes,CLA-Class,2017,47001.0,Diesel,Saloon,1.5,109.0
14900.0,Volkswagen,Jetta,2015,89001.0,Diesel,Saloon,2.0,110.0
8900.0,Peugeot,5008,2012,109002.0,Diesel,MPV,1.6,112.0
19995.0,Toyota,Prius,2017,139073.0,Hybrid,Hatchback,1.8,122.0
17950.0,Volkswagen,Passat,2016,162836.0,Diesel,Saloon,2.0,150.0
29500.0,Audi,A6,2017,132003.0,Diesel,Saloon,2.0,190.0
7250.0,Ford,Focus,2012,209214.2,Diesel,Hatchback,1.6,95.0
6950.0,Dacia,Duster,2014,221000.0,Diesel,SUV,1.5,107.0
7950.0,Opel,Astra,2014,128000.0,Diesel,Saloon,1.7,110.0
6495.0,Peugeot,3008,2011,216000.0,Diesel,MPV,1.6,111.0
38900.0,Audi,A6,2018,60650.0,Diesel,Estate,2.0,190.0
16950.0,KIA,RIO,2019,24000.0,Petrol,Hatchback,1.2,84.0
11945.0,Citroen,C4 Picasso,2015,179657.0616,Diesel,MPV,1.6,92.0
15750.0,BMW,1-Series,2016,165279.218,Diesel,Hatchback,1.5,116.0
19495.0,Nissan,Qashqai,2016,53862.0,Petrol,SUV,1.2,115.0
23950.0,Ford,Galaxy,2018,166281.8368,Diesel,MPV,2.0,150.0
33900.0,Toyota,C-HR,2022,7000.0,Hybrid,Hatchback,1.8,122.0
37699.0,Audi,A4,2020,52101.0,Diesel,Saloon,2.0,136.0
19995.0,Toyota,Verso,2016,93101.0,Diesel,MPV,1.6,112.0
11950.0,Audi,A3,2013,233354.3,Diesel,Hatchback,2.0,150.0
19995.0,Toyota,Prius,2017,112099.0,Hybrid,Hatchback,1.8,122.0
21950.0,Mercedes,C-Class,2016,91165.0,Diesel,Saloon,1.6,116.0
10990.0,Volkswagen,Golf,2012,130002.0,Petrol,Hatchback,1.4,122.0
4750.0,Alfa Romeo,Giulietta,2012,302758.6968,Diesel,Hatchback,1.6,105.0
18950.0,Volvo,S60,2017,175845.0,Diesel,Saloon,2.0,190.0
39950.0,Lexus,NX,2018,82076.34,Hybrid,SUV,2.5,197.0
28950.0,Volkswagen,Tiguan,2018,131168.0,Diesel,SUV,2.0,150.0
34750.0,Jaguar,F-Pace,2017,145868.0,Diesel,SUV,2.0,180.0
10995.0,Volkswagen,Golf,2013,144859.9121,Diesel,Hatchback,1.6,105.0
5995.0,Opel,Insignia,2013,164171.9921,Diesel,MPV,2.0,130.0
18950.0,Mitsubishi,Outlander,2014,123549.0318,Diesel,SUV,2.3,150.0
8995.0,Hyundai,i30,2014,161128.7301,Diesel,Hatchback,1.4,90.0
13950.0,Opel,Mokka,2017,83704.99208,Petrol,SUV,1.6,115.0
